u_id,mode,survey,attention_necessary,comfortable_info,comfortable_pii,dob_diff,dob_spot,fname_diff,fname_spot,freq_dec,frequency,id_diff,id_spot,inter_under,limit_comfortable,limit_influence,lname_diff,lname_spot,meter_influence,meter_openingup,meter_understandablity,other_info_know,race_diff,race_spot,sc3q1,sc3q2,sc3q3,sc3q4,sex_diff,sex_spot,software_concerned,software_like,spot_diff,spot_dswap,spot_insert,spot_missing,spot_nswap,spot_replace,spot_transpose,text_area_difficulty,text_area_easiness,tips,which_cells_open,mode_description
5,2,post,2,2,2,3,3,3,3,"Because even if the ID is different, the name makes a difference in choosing if it's different or not.",Yes,4,3,No,NA,NA,3,3,NA,NA,NA,If the information is real or hypothetical. ,5,3,3,4,4,3,5,3,It's about personal information data finding.,It was explained well.,5,5,3,3,5,3,5,All of the symbols made it confusing.,The different colors helped alot.,N/A,Which had the most variety like the names.,Clickable w/out meter
6,3,post,3,4,NA,6,5,2,7,lots of john smiths could be separate individuals versus daquan throckmorton for the same person,Yes,4,5,NA,NA,NA,2,7,3,much more often,yes,"could the software limit how much data is given individually (like if its similar ssn, keep that private and inaccessible if it is the same)",5,7,NA,NA,NA,NA,7,6,"as always, human error in judging probabilities",it is way better than simply scrolling along through various databases in order to view similarities and I think less prone to misuse,7,7,7,7,7,7,7,common names made it harder,"The presence of two or three characters next to a name and a change in date made it easier to see if they were family, and the female next two a different name, all others aside could identify married women. ",NA,"I tried to imagine the probability of mistake in relation to the other mistakes, like letters different in the name versus seniority ",Clickable & meter with no limit
7,4,post,3,2,NA,3,2,3,5,To help make hard decisions,Yes,3,2,NA,I had a lot of extra wiggle room,2,3,5,2,A lot more,Yes,"Security measures, what exactly im giving them permission to use.",5,5,NA,NA,NA,NA,6,5,NA,The data workers accessed could be tracked if necessary,0,0,0,0,0,0,0,NA,The icons made it much easier and quicker to make decision,NA,The ones that showed the biggest differences I opened first,Clickable & meter with high limit
8,4,post,3,2,NA,7,6,6,7,"During name swaps, if F & L names were both really common, then it didn't matter, if they were rare, then it did matter. etc.",Yes,2,5,No,Yes,2,2,7,3,"Maybe a little more, but not much",Yes,Where is the information going? Who will be sorting? What is it being sorted for? How will it be used in the future? ,7,4,NA,NA,NA,NA,6,4,N/A,"Your info might not necessarily be given, and if it is, only demographic information would be used, not sensitive medical info",7,6,5,5,7,5,5,Question marks,the different symbols to categorize difference as well as the colors between different symbols being able to click open relevant boxes,"Really fun, and easy to follow instructions that understand how to stack information ",Based on relevance and how much of a percentage they would cost,Clickable & meter with high limit
9,3,post,3,2,NA,6,5,3,2,"because if the name is rare, you are less likely to see that name come up twoce",Yes,1,1,no,NA,NA,5,5,2,I would have opened everything up,yes,How could this be utilized to make changes with documenting/ databasing,7,6,NA,NA,NA,NA,7,6,maybe add a key on the top to differentiate symbols,the simplicity,3,6,3,3,6,6,6,determining the role of the Id number,"seeing three or four stars in the last name because you know it will be either hr, sr, II, etc.",great way to think absractly and applicable to useful situations,"if the last name was different, i opened the gender because if it was female, it was most likely the same person since they changed their last name",Clickable & meter with no limit
15,3,post,3,3,NA,0,4,3,4,Probability places a good role in linkage decision,Yes,5,4,no,NA,NA,3,4,1,I believe I still would have been cautious. ,YEs,NA,7,7,NA,NA,NA,NA,7,7,None that I can Think of.,Ease of use.,0,4,4,1,2,5,2,Typos in the data and nick names,Difference in Sex and Race,It can get bit monotonous! ,Depending on what kind of data set is at my disposal,Clickable & meter with no limit
16,4,post,3,2,NA,5,5,2,6,"If the name was unique, it was easy to determine that the missing information or slightly incorrect information was made on accident. Such as swapping the month and date or not entering the correct id number. ",Yes,3,3,"Whether we could assume that transgender people would have the same identity, or assume that they were twins. ","Very, I don't think I was ever near the budget line to worry. ",2,2,7,2,"I would have opened up slightly more cells, even the names, just because I could then determine if I thought the spelling or names were popular or not and use my own judgement rather than the databases count of rarity. For example, some names were considered rare but they might have only been a single letter in the place of an entire name, in which case the identity was the same although the rarity of the names differed. ",Very intuitive. ,How much access will the researchers have and will they be allowed to open certain information that will cost them on the meter budget too? ,4,7,NA,NA,NA,NA,6,6,How much of the information would they be able to access without more consent? I am concerned that people could easily gain access to my information or infer things about my identity. ,The software was very intuitive and helpful in making decisions to determine whether identifications were similar without giving away too much information. ,7,7,2,3,7,3,5,"The names and identification numbers were the hardest part to make the linkage decisions. If the names were different but the identifications were the same then I had to use my best judgment as to whether the popularity of the name meant that the identity could be different. I also struggled with the male and female difference wondering if transgender people were considered in this identification study. I didn't know if they were twins who happened to be named the gender opposite names, or if the given person had decided to change their gender.","When several elements were similar and the only difference was the name, it was easy to decide that they were the same person based on the uniqueness or rarity of the name. Selecting the names and seeing nicknames also made things easier. One of the cooler linkages was the father and son combos that were different based on the year and the id number. ","Very long, perhaps softer colors that won't strain the eyes while going through each section. ","If the last name differed at the end and looked like it could have a suffix then I would check the date and see if the difference showed a possible father son relationship. If the last name differed, I checked the sex and if female, the answer was a lot easier because I could assume they changed their last name. ",Clickable & meter with high limit
26,4,post,3,5,NA,4,5,5,1,"Not so much, because I concentrated on the sex, the race and the DOB rather than the others",No,6,4,"If, in a pair, both the variable were obtained from different sources, then the ID should not really matter, should it? Seeing as both of them are neither connected or disconnected?",Yes it was!,2,2,6,1,"Maybe a lot in the few sections, but as it went on, and I understood the concept, there was no need to worry bout the meter. ",Yes It was.,"Not about the study in general, but I would like to know more about the IRB process. ",7,7,NA,NA,NA,NA,7,7,Just the usual bugs. ,ANYTHING AS COMPLEX AND INTERESTING AS THIS SOFTWARE WAS,7,6,2,4,7,2,3,Too many permutations and combinations,"The Race, Sex and DOB","As difficult as it was, I am fan of mysteries and so had fun cracking them all","As I mentioned earlier, if the race was different, or the sex, there was no need to open any of the other boxes",Clickable & meter with high limit
28,1,post,NA,5,2,5,6,6,7,"If the name's were common, they were probably different people, if the names were uncommon they were probably the same person",Yes,2,7,No,NA,NA,7,7,NA,NA,NA,Nothing,7,7,2,5,3,1,7,7,"Sometimes, even knowing the differences isn't enough to easily tell if the data belongs to the same person or not.","It highlights the differences between the data, so it makes it easier to see typos, errors, etc.",7,5,5,5,7,5,6,When the ID numbers were the same but a lot of the information wasn't,"The \""diff\"" circle made it easy to quickly spot major differences. Also, the common/rare symbol for the names made it easy to see when they were simply out of order, or when they were probably different people.",NA,NA,Full disclosure
30,5,post,2,4,4,3,3,2,1,"I did, because common names could lead to any random person's identification, and some of those common name sometimes are abbreviated, so I made sure to consider those. ",Yes,1,1,No.,Yes.,3,1,1,2,"I definitely need the meter help to open the cells. Without it, I would not open the cells at all. ",Somewhat.,"I'd like to know the purpose behind the permission to link personal health information, because I want to make sure that the action does not do any harmful to the people whose info. was accessed. I'd like to the researchers to send a legal document with their signatures, saying that they will not take those personal health info. for personal uses, etc.",6,7,5,5,3,4,6,7,"I don't like that it does not ask permission of the people whose info. we are accessing. Also, this software are quite easy to have wrong info. and wrong identifications, so that's not helpful. ","I like this software, because you can see all the info. by clicking on it.",7,7,6,4,7,2,4,"I things what makes it harder to make linkage decisions is the generally belief of how last name, ID and birthday are the main identification methods, and through this experiment, I realized that input wrong info. could lead to another person's identifications.","i think what made it easy is the sex and race part, because I don't think anyone could input that info. wrong into the system. Race and Sex have very little options, versus ID and name. ",I think this study is very interesting. I would have not think how easy it would be to receive the wrong info. of someone else by just ,"I clicked the cell when I felt like I need another clue to determine the differences, because the hints given sometimes aren't enough. ",Clickable & meter wih limit
34,4,post,3,2,NA,4,5,6,6,"Because if the name is rare, it will be likely to be same person.",Yes,2,2,Nothing,"Yes, it was",2,6,6,2,4-5 times for each page.,"yes, it was",NA,6,2,NA,NA,NA,NA,3,2,NA,NA,5,6,2,2,6,6,2,Name,"ID, sex, DoB",NA,"The cells which I open more than others are sex and DoB, because it helps a lot if the last names are different. ",Clickable & meter with high limit
41,3,post,3,4,NA,3,6,4,5,"Yes, if the first name and last name were switched, all other data entries were the same, but the names were unique or rare, it made sense that it was the same person, just a data entry error.",Yes,6,6,N/A,NA,NA,6,6,3,"A lot, I tried to keep it under 10%, without it I would have clicked through much more.",Yes,Who is going through my data. I would be more comfortable if it was some sort of computer program making the decisions rather than people.,5,7,NA,NA,NA,NA,7,7,Nothing really,"The easier and clearer you give your information, the less likely for an error to occur, thus nobody will have to click through your personal data. If a trained operator is looking at your profile, they won't go through much of your personal data, they can make links with little input.",2,6,3,2,5,4,6,Missing data and not clicking on all the boxes to reveal private data.,"Determining Jr/Sr relationships, name exclusivity, simple typos on the keyboard like flipping numbers, same birthday, Females having everything the same except last name.","Personally, I thought it took way too long to do a ""good"" job, or at least go through the possibilities in your head. Not sure though, I could be dumb or something.","Based on what data was missing, the type of errors whether it was a flip or two different numbers. Sometimes opening one box will show that you're looking at a father/son, or a woman whose name changed when she got married.",Clickable & meter with no limit
48,3,post,3,4,NA,7,4,5,3,Rare names helped me rule out whether the person was the same or different.,Yes,7,2,Too many sections? Why?,NA,NA,3,1,2,Did not influence me. I did not understand it. ,no,Why so many sections?,7,7,NA,NA,NA,NA,7,7,hacking,Helped eliminate duplicates and errors. ,1,7,1,1,7,1,7,Memorizing the symbol language and missing information.,"Check marks within the ID and birth date. Also, the rare or common feature for the names.",I was tired out at the end. This could have affected my answers.,When I couldn't make a decision quickly.,Clickable & meter with no limit
49,4,post,2,4,NA,1,6,2,2,Rarity of names increased the probability of the person being the same and vice versa.,Yes,2,6,It was easy to understand.,Yes.,1,6,5,3,I would have opened up much more.,Yes.,The results of this study.,7,7,NA,NA,NA,NA,7,7,NA,The interface was intuitive. the ease of using the software.,6,7,6,7,7,6,7,"Uncertainty regarding duplicity of information, Sex, First name, etc. Tips could have been mentioned on the sides.",The color depicting similarities or differences.,The tips could have been set on the sides for review during the test.,Based on the information provided and some parts on instinct.,Clickable & meter with high limit
51,1,post,NA,1,5,2,6,3,6,Because it allowed me to think how likely that these people are the same person or a different person. Excluding the rarity/commonness of the names leaves you uninformed with a higher likelihood of making the wrong decision.,Yes,2,6,n/a,NA,NA,3,6,NA,NA,NA,What is the security of the software in keeping the data confidential?,5,6,5,5,5,5,6,6,Being compared to others and not wanting my personal information changed or believed to be someone else.,The symbols for possible errors.,5,6,5,2,3,5,4,Having two possible scenarios like,Big differences in multiple columns or in both ID and DoB. ,It was interesting and mentally stimulating!,NA,Full disclosure
52,3,post,2,3,NA,5,7,1,5,"If their last names were rare and other things were similar, they were probably the same person.",Yes,1,7,NA,NA,NA,6,5,3,Probably less,Yes,NA,7,7,NA,NA,NA,NA,6,7,"If you had a rare name, and if both first and last names were rare, it's pretty obvious it's you.",Sometimes it was difficult to tell if people were the same or different if they had common names.,7,7,2,7,7,2,2,"Not knowing if someone could be a twin, etc.",Being able to see how similar first names were or seeing if there were suffixes.,NA,"Based on what I thought would be most helpful, based on what other information was available.",Clickable & meter with no limit
55,4,post,3,4,NA,2,1,2,2,"I rarely did, because there were usually other methods that helped me come to a conclusion. ",No,4,4,No,"Yes, i do believe so. ",1,5,5,3,Much more than i did. I would normally use less than a quarter of the meter per section. ,Yes it was.,If the social security number would have to be included and if there was a large cost in opening the cell that contains it. ,7,7,NA,NA,NA,NA,7,7,I would prefer for my social security number to not be included. ,"It does not seem as if it can be used for malicious intent, and there are many cells that are kept under lock down. Not to mention there are so many people that one is likely to get lost in the shuffle/forgotten about. ",3,2,6,2,2,4,3,A few times i did not know if a certain name was a nickname of the other one. ,Whenever i saw a suffix attached to a last name and a difference in date of birth. ,"I understand there is most likely a reason behind the action, but i would prefer to see which questions i received correct or incorrect in subsequent sections. ",I tried to stick to opening sexes when they were the same if the last name was different as well. Other times i would open a first name if there were a few extra letters to one in order to try and make out a full name and nickname. ,Clickable & meter with high limit
59,4,post,2,3,NA,6,6,2,3,"Some names have very rare for a particular race or sex. So, sometimes it is beneficial to make the decision",Yes,7,6,I am satisfied with the interface,More than enough,2,4,4,3,Lot more,"yes, but i ended up using very less cells. I never crossed even 15 % slowing my decision making process. Moreover, I assumed meter reading was cumulative over 6 sections ",Why are they using information ?. How are they planning to maintain anonymity of the data ,1,4,NA,NA,NA,NA,5,4,"Sometimes, the notations are confusing. There should be guide to refer to the notations when necessary",It was very intuitive,7,4,5,1,5,4,3,some questions had no ID and DOB making it hard to differentiate just in terms of name,"Some names differ in their spelling but sound the same. if there's a way to identify this,it would be easier","I was not aware there was 6 sections. I finished my first section in a very slow paced manner assuming i had a lot of time in hand. 6 sections seems to be too much. it averages slightly more than 3 question per minute.So if someone had to sit an analyze some ambiguous questions, it would eat up a lot of time","based on how much information they reveal. I opened name cells which were slightly different to see if they had similar pronunciation but different in spelling. if names are same and sex is different, i would check if it is a unisex name or not.",Clickable & meter with high limit
61,3,post,3,4,NA,6,6,2,6,because if the name is less common it probably was the same person,Yes,7,4,n/a,NA,NA,4,6,2,"probably a lot more, depending on whether or it was still stated that that influenced the ""score"".",yes,n/a,7,7,NA,NA,NA,NA,7,7,"referring to the question above, necessary is a subjective term",that the information is only opened when necessary,7,7,5,4,7,3,5,when first and last names were abbreviated,whether or not the people were the same race/gender,n/a,based on the examples provided before the study began as well as just getting the swing of things,Clickable & meter with no limit
62,3,post,3,2,NA,4,7,2,7,Yes because more rare the name more likely they might be the same person,Yes,6,7,No. I understood everything,NA,NA,2,7,2,"Same amount, I was constantly considering the privacy issue",Yes,How can you guarantee the safety of my information from leaking out to third party sources.,7,7,NA,NA,NA,NA,5,7,The amount of information these researchers have about our private data.,Helping others with my personal health information,1,5,4,1,5,4,2,Not knowing the first name. They can be very similar but slightly different like ernie and ernest. ,Knowing the trick about jr. and sr. helped.,Really good instructions.,Depending on what was given that is the same. Slight differences in name is typically what I decide to click on.,Clickable & meter with no limit
73,2,post,3,1,5,6,5,4,4,The rarity/similarity of first and last name helped a lot to make decision as the population was 1 million,Yes,5,4,No,NA,NA,5,5,NA,NA,NA,Nothing apart from what I know already.,4,7,4,4,4,4,5,7,"All the information is available for anyone to see, and that might be a cause for concern",The data is not available until and unless clicks the cell to obtain that data,6,4,3,7,6,3,6,Multiple types of changes,Obtaining complete information,The study is designed in a nice way and forces the user to pay close attention. Section 2 did not have feedback/answers to our responses. Maybe that can be added to give user an idea of how he/she is doing.,I decided which cells to open based on the actual need for that information in order for me to make a decision.,Clickable w/out meter
77,5,post,3,1,5,6,4,2,1,Rare names will less likely be the same,Yes,2,5,No,Yes,1,2,2,3,A lot more,Yes. Except I wasn't sure how much I was left with. ,What all information are they looking for,6,6,1,5,5,5,6,7,You could map out a health profile of an individual ,Nothing in particular,4,5,4,6,7,4,5,Data masking Initial tutorials,None,The interface could have been responsive. Sometimes you'd press an answer and it'll take a while to register. The instructions at the beginning and the first section which told you what you got right or wrong set a patternthat could be looked at. I think you're better off without it. ,On the patter I would follow. Same last names - error or twins. And so on,Clickable & meter wih limit
78,3,post,3,1,NA,3,4,3,4,NA,Yes,5,4,NA,NA,NA,3,4,2,same amount,yep,who will be actually seeing my data / what is your security like / how likely is it that someone unauthorized will see my data / what will the data be used for ,4,4,NA,NA,NA,NA,4,4,anyone who clicks can see any data they want ,there is a barrier before all your information is simply shared ,7,7,7,7,7,7,7,NA,explanation slides before the actual study ,"sort of fun, a little bit too long",based on what the slides / practice questions told me what could be necessary to select ,Clickable & meter with no limit
79,4,post,3,3,NA,5,7,3,3,"I thought rarity of the first and last names were very helpful when making linkage decisions because they are very likely to be the same person. However, commonness actually confused me because they could be the same or different person with just common names.",Yes,4,7,No.,Yes. ,3,4,3,2,"Even without the meter, I would have not opened too much cells because sometimes too much information confuses me more. ",The meter was very easy to understand but somewhat I did not pay attention to it very much towards the end because I knew I needed to open up the cells as least as possible. ,For how long my information would be kept/stored for use. ,7,7,NA,NA,NA,NA,7,7,Not that I can think of. ,"The best part is that you do not have to provide all the information. If you do not want to give all your information, you are not forced to. ",6,7,3,3,7,4,3,Some of the mismatches in the first names were hard to make linkage decisions because they looked somewhat nicknames or shortened versions of the actual first names. ,"Different Last names for females, DOB when there were Sr or Jr in the last names made the linkage decisions easier. ",NA,"I tried to open sex cells only when the last names were different, DOB cells only when the last names were different. ",Clickable & meter with high limit
81,1,post,NA,2,4,6,5,4,1,"Yes, similar Common first and last name and difference in dob and id can easily spot the difference",Yes,6,6,Nope,NA,NA,6,3,NA,NA,NA,Final result outcomes,7,7,4,4,4,5,7,7,NOthing,"Nice user interface to detect differences, first section will take you to nice data analysis practice",3,6,5,1,4,5,3,Missing information makes it harder to get to the decision.,Male and Female differences and Race Differences,"Sometimes, not familiarity with names among different races will make it harder to judge, while when you familiar with race names it's easy to make the decision.",NA,Full disclosure
82,3,post,0,0,NA,0,0,0,0,NA,NA,0,0,NA,NA,NA,0,0,0,NA,NA,NA,0,0,NA,NA,NA,NA,0,0,NA,NA,0,0,0,0,0,0,0,NA,Matching ID,NA,NA,Clickable & meter with no limit
85,4,post,3,4,NA,5,5,4,5,"Yes, because I assumed that if two people had two rare first and last names, they were probably the same person.",Yes,7,6,No,Yes,2,4,5,2,A lot more,Yes,Nothing really. I would be comfortable with the software,5,5,NA,NA,NA,NA,5,6,Nothing,Nothing,5,7,3,2,5,5,4,There were so many things to take into account. ,"Whenever two rows had different IDs numbers. I would fairly assume that those two were different most of the times. Also, when two names or last name were very rare with a different ID. ",It was a very tricky experiment,It depended on the situation. But I usually opened more of the sexes cells,Clickable & meter with high limit
87,2,post,2,1,1,2,4,4,4,"Initially no, but then I started paying attention to the symbols. For the names that were rare, I put down mostly these people were the same",Yes,2,3,It took a while for my answer to chow up when I clicked,NA,NA,1,4,NA,NA,NA,NA,7,7,5,5,2,5,7,7,NA,NA,0,0,0,0,0,0,0,I got tired,The frequencies,NA,"The symbols and how many differences were in the row. Obviously, if their race and sex was different I knew they were not the same person. If the participant was a woman with a different last name and nothing else major I put down most likely the same person",Clickable w/out meter
90,1,post,NA,1,5,6,5,2,3,"Because after a first screening of the differences, how common the name was, was the decision making factor",Yes,6,7,no,NA,NA,5,2,NA,NA,NA,How tedious is the task going to be?,5,5,5,5,5,5,5,5,hard for people with learning disabilities,easy to understand,7,7,3,2,7,0,6,Nicknames to common names. Assumption of marriage. Age difference when same last name,Multiple discrepancies. Symbols and colors Explanation at the beginning and slides with common cases,long,NA,Full disclosure
91,1,post,NA,2,3,4,5,2,3,Helped a lot to make a decision.,Yes,5,7,No,NA,NA,4,7,NA,NA,NA,How will my responses be used? How will my responses be graded?,7,7,5,5,5,5,7,7,Strains the eyes.,"Easy to spot the different markers provided, such as transpose different missing etc.",7,3,3,4,6,3,5,Names,ID Uniqueness of Name Gender Race,Nothing comes to mind.,NA,Full disclosure
93,4,post,3,1,NA,5,6,3,3,"The less common the name, the more confident I was in the choice I made.",Yes,4,6,No.,"Yes, it was way too high in my opinion",1,6,6,3,Probably more than I actually did.,Yes,"I don't trust that the cyber security of a third party would be able to withstand hackers. I'm reluctant to give out my information because the less it's out there, the less likely it is to be found by someone with malicious motives. What precautions are made to ensure the safety of my information? If that security is compromised, how will I be compensated for their lack of protection? ",7,7,NA,NA,NA,NA,7,7,"Mistakes can be made, especially when there are many ways to spell common names.","Matches can be made without all information being shown to the program, only differences/similarities in the data are used to made links, some links can be made without any personal information being given (that is, everything is kept in the @@@ &&& form).",5,5,4,4,5,4,5,"Subtle differences in ways to spell first names, pretty much all twins were hard to link, seeing only the differences in names, rather than the whole name, made it difficult to match as well.","A female with everything but last name matching, matching race, sex, and birthday were more indicative of a match than ID number, ","There was one where the key difference between the first names was Alec versus Alexander, and the answer said they were different, but it could arguably be the same. ","If the last names were the only difference, I opened sex to see if it was a female who changed her last name. If there was an addition to the last name, I opened the last name to see if it was Jr, Sr, ect. I opened first names to see if common spelling mistakes/differences were made (ph instead of f / madeline versus madelyn, etc)",Clickable & meter with high limit
99,1,post,NA,5,NA,5,3,NA,7,If it was each first name in the pair was the same and was rated unique I thought it was highly likely they were the same person. If the last names were the same and the rating was unique then I figured they were at least in the same family and then checked the birthday.,Yes,NA,3,No,NA,NA,2,7,NA,NA,NA,NA,6,6,1,5,1,1,6,6,NA,NA,7,7,6,6,7,6,6,NA,The different symbol and the blue arrows,I felt that the interface was straightforward,NA,Full disclosure
100,4,post,2,4,NA,3,4,5,2,The more common the name the less likely the two people are the same person. ,Yes,3,2,no,more than enough,3,5,6,1,probably about the same,"Yes, I never got close to the red line though",Who are the people looking at the data? Are they trustworthy and able to figure out information without looking too much into it,6,5,NA,NA,NA,NA,5,6,social security numbers can be accessed,"It keeps information private, relatively easy to use",6,5,4,6,5,6,5,"If there was no ID number to compare the two, if they matched in every area but one","father son situation, woman got married situation, if they shared same race or birthday, if a name was abbreviated i.e. katherine to kathy",NA,"if I needed information regarding birthday, jr vs sr, name change (females)",Clickable & meter with high limit
102,3,post,3,3,NA,4,2,2,1,because common names would have more users associated to them,Yes,7,7,no,NA,NA,3,1,0,the same amount,yes,where is the information stored,5,7,NA,NA,NA,NA,5,7,people could steal your info,multiple doctors could access you files so you can get treated anywhere,7,7,5,1,7,5,4,sometimes the same characters were put in as different characters such as &&&&& was used instead of ***&&*,the call outs such as the switching icon and the highlights,none,"it was the info i felt i needed at the time, however it usually didn't help",Clickable & meter with no limit
108,1,post,NA,1,5,5,4,4,4,If the names were common then there is a high probability that the data belongs to two different persons.,Yes,4,4,NA,NA,NA,5,4,NA,NA,NA,My answers compared with the software's results.,6,4,3,5,4,4,6,4,I can't say anything about the accuracy of the software as of now.,Explicit differences in data sets that are detectable.,4,5,5,4,5,4,5,Only one difference.,Too many differences.,NA,NA,Full disclosure
110,3,post,3,4,NA,1,2,3,5,Because the common last names or first names switched doesnt mean its the same person.,Yes,1,4,no,NA,NA,2,4,3,I probably would have opened up everysingle one to make sure my answer was right.,yes.,Nothing.,5,4,NA,NA,NA,NA,7,4,NOthing,That there is a meter which makes them aware of how much information they can see which would stop them from looking alot into peoples information.,7,7,2,5,7,1,5,Sometimes when the ID is different but their first names only have a difference of Jr or Sr added to their names it is hard to know if it is a different or same person.,NA,--,The ones that were pretty important enough for me to make the decision.,Clickable & meter with no limit
111,3,post,3,2,NA,4,4,2,3,Common names are not rare. so there can exist different people with the same name.,Yes,3,4,None,NA,NA,3,3,2,Somewhat more.,Yes,None,6,7,NA,NA,NA,NA,4,5,"Well, their IDs are displayed, that can be a risk, I guess.",The software keeps their privacy intact!,4,3,3,3,5,4,2,Different IDs and some change in the date of birth.,Sr in a name. or a IV/III in a name.,I think the study is appropriate.,"Depends on the question at hand. For some relatively easier ones, I was able to do it without opening any cells. For some harder ones, I had to open quite a few cells.",Clickable & meter with no limit
112,4,post,3,5,NA,7,7,4,7,NA,Yes,7,7,NO,yes,2,3,7,3,More ,yes,How do you increase your CI more?,7,7,NA,NA,NA,NA,7,7,Nothing I can think of.,User friendly,7,7,7,7,7,7,7,Nothing.,Interactive,It was good.,Based on previous instructions.,Clickable & meter with high limit
119,3,post,3,1,NA,5,4,2,4,"If it was a common name, I assumed that they probably weren't linked",Yes,2,4,I understood the task well,NA,NA,5,4,2,Probably all the information just so I could make my best judgement.,Yes,I would like to know the time limit and task details.,7,7,NA,NA,NA,NA,7,7,I wasn't concerned about anything with this software.,It was easy to understand and execute the given commands.,4,4,5,2,4,4,5,"The amount of questions, when there was a jr./sr. and the years of their date of birth were transposed, when possible nicknames were at play","When the race or sex was not the same, when the date of birth was not the same",I think maybe not as many questions would make my decision making a little easier.,I used an elimination process. If race or sex was different I didn't open any cells.,Clickable & meter with no limit
121,2,post,3,4,2,7,5,7,7,"It was easier to get to a conclusion once you determinate that its a rare name or last name, and there were just a few uncoincidences with the rest",Yes,7,6,"No. In fact i think once you start working with it, after about 25 mins i felt like i was getting use to and was able to detect issues faster.",NA,NA,4,7,NA,NA,NA,Just to make sure this information is not share for marketing purposes.,7,4,5,5,5,3,3,2,I would say it takes some minutes to get use to it and gained confidence.,its very user friendly and easy and clear to understand. Provides straight directions,2,7,6,7,6,3,6,"Not being able to look at all the names, last name and gender. I think in gender is the key most of the times to find out if its the same person or not most of the times",It helps a lot to know the frequency. That helps make the decissions faster,"I would add color to the frequency column to make easier to identify for the user. Instead of reading the number or symbol, i think it would make it easier to see a color at a glance, so you know faster if its common or not",It was mainly base on the frequency column.,Clickable w/out meter
122,1,post,NA,2,5,4,5,2,3,NA,Yes,6,5,NA,NA,NA,2,3,NA,NA,NA,NA,7,6,3,5,4,4,5,5,NA,easy to use,3,7,3,1,1,5,5,Nothing,most the most least frequent name. ,NA,NA,Full disclosure
125,4,post,3,4,NA,6,7,7,7,"With the name swaps, if the first name was commo",Yes,1,1,No. Everything was clearly explained.,Yes. It was more than enough.,1,2,5,3,"I would likely open every single one because there was no real ""punishment"" for doing so. Not only this, but because clicking is recklessly can be...fun","Yes, although I think when participants get past the first few sections, they will realize that the meter was more than enough and proceed to open as much as possible.",I would like to ask how they believe this study will help and what goals they plan to achieve with it.,7,7,NA,NA,NA,NA,7,7,There was nothing of concern.,"The software was very user-friendly and easy to navigate. I would say that it would be nice to have a little legend to remind what each change was. It shouldn't be necessary, but I can see it as a minor quality of life improvement.",7,5,5,2,5,5,5,"It was hard to identify whether they were the same or not based on the ID. I know in databases, new profiles are opened and aren't deleted properly so you get multiple of one person. On the forefront, it may seem like different people. What's more important is to identify based off of DOB, Race, and names.","If the last names were different, I immediately opened the first name cell to check whether they were male or female. If they were female, I immediately assumed they got married, granted the DOB/Race was the same. Even if the ID was different, it didn't matter too much to me.",I think reducing the capacity of the meter more would be a good idea.,"If the gender was the same but the last name was different, I opened first name cells. If there was any change at all in first name, I would open that and go from there. Last name tells you very little. From the first name, I can extrapolate whether they are male or female and in some cases, race.",Clickable & meter with high limit
127,3,post,3,4,NA,5,5,2,1,Names are very unique hard to find very rare combinations,Yes,4,3,NA,NA,NA,2,2,3,much more,yes,How can you tell a father from their son if they have the same name,6,6,NA,NA,NA,NA,6,6,NA,How little you need to see ,2,6,2,2,4,1,5,NA,NA,NA,how confident I felt about making my decision. How much information was showing,Clickable & meter with no limit
130,1,post,NA,4,2,1,6,3,7,"Yes because if the first name was a unique name but the last name was very common, it made it easier to answer and distinguish whether the individuals being compared were the same or not.",Yes,1,2,I was not 100% about the deletion of letters in some of the names.,NA,NA,2,3,NA,NA,NA,"Good afternoon, If I grant permission for the research, will my information be used for other studies without my knowledge? Thank you.",7,7,5,5,5,4,7,7,If the software is secure enough to protect the information obtained from each individual.,"Overall, it was not difficult to read and interpret.",7,7,5,1,7,3,3,"The abbreviations on some of the last names like \""Sr.\"" or \""II\"" made it harder to decide whether or not the individual was the same or not.",The features that facilitated the decision to make a linkage were,Provide a key describing the meaning of each symbol throughout the study so we can be sure what each of them mean. Instead of only showing them at the beginning.,NA,Full disclosure
131,4,post,3,5,NA,5,7,6,5,"I found that unique names were very helpful in deciding. When names are so rare, it increases their likelihood of being the same.",Yes,6,2,No Answer,Yes,3,3,5,3,"I knew the goal was to open as few as possible, so I probably would've opened fewer cells without the meter.",Yes,I have no questions.,7,4,NA,NA,NA,NA,6,5,"The only concern I would have is the information being so easy to open. I have a very unique last name, however, so it doesn't concern me very personally.",I liked that it allowed personnel to link accounts without having all the information in full view.,1,6,5,2,7,4,4,"Gender and Race were two identifiers that I used often to make negative linkage decisions. If the gender or race was different, It was harder to link them. I did find it harder to link two individuals as the same if their ID number was different.",ID numbers being the same was a very easy indicator except in the case of twins. Unique names were another key factor in linking individuals,No Answer,"BAsed on different factors. If the last names were different, I would open the gender cell. If the birthdays were different and the last name was added to, I would open the last name cell. The ID cell was opened if only one number was different, but there were a few other differences between the individuals. ",Clickable & meter with high limit
132,3,post,3,1,NA,4,2,3,2,"There are many more people named John Smith, and they may share birthdays",Yes,6,6,No,NA,NA,5,5,2,A lot more,Yes,Why do you need SSN? What will be done with my information? How will you protect it?,7,7,NA,NA,NA,NA,7,7,I would not want the software to have my SSN,I liked that you could link accounts despite differences,7,4,5,2,4,3,5,"It was hard to discern when the birthdays were switched, with the jrs and srs.",Knowing the last name. sex. and race.,Gain more information on race,Based on how similar the others were. I always clicked on last names first,Clickable & meter with no limit
141,5,post,3,1,5,4,6,1,1,"Simple probabilities, what are the odd of a person with a uncommon name to be born on the same day and have other similar data? ",Yes,5,6,no,NA,2,3,1,2,as much as possible to make the best decision,yes,no comments,5,7,4,5,4,2,5,7,no comments,no comments,2,3,5,4,2,5,5,"it is easier to get lost in information that is not that important. For example, the id number match and the frequency on the names should be giving more visual importance in my opinion however, this imformation is not the first visual you see.","signs, symbols, colours etcs",faactors which are of higher importance should be more visual.,"When ifrst names did not match, to see if names we short forms or abbreaviations. Also for gender when last name did not match.",Clickable & meter wih limit
147,5,post,3,4,3,6,1,3,2,It was easier to make decisions by taking into account the rarity/commonness of first name and last name,Yes,7,2,No,Yes,3,3,3,1,Similar,Yes,NA,7,7,4,5,2,3,6,7,NA,NA,6,7,1,1,6,7,1,Masking,NA,NA,NA,Clickable & meter wih limit
149,4,post,3,2,NA,6,4,2,5,That gave me an indication on the probability of records being different coupled with birth dates.,Yes,5,4,NA,"I was way lower than budget. Hence, it did not affect me after sometime.",2,5,6,2,Slightly more,Yes,"Extend of research, why personal information needs to be there and what is the purpose of the research.",6,7,NA,NA,NA,NA,6,6,That people are able to see personal ids.,The fact that it hides some personal information.,4,4,3,3,3,4,4,First and last names. And the fact that I didn't know which row comes from which database.,Different IDs and birth dates.,NA,Depending on each scenario.,Clickable & meter with high limit
151,3,post,3,2,NA,3,3,3,1,"There were a few that were the exact same except for the names. When it came down to the names, that made me rank how sure I was they were similar or different. EX",Yes,4,3,N/A,NA,NA,3,2,3,"All of them. I saw opening the cells as ""hints"" and I was stubborn and did not want to use any hints.",Yes easy to understand,If the cells are view-able with one click.,7,7,NA,NA,NA,NA,7,7,You can click on how ever many cells you want to reveal all information. The only information not known were the ? which were not many. All the user has to do is click once or twice and now they know all of my information. I can only imagine if my SSN was in there.,None of the characters were seen unless they were clicked on to open.,7,7,7,7,6,7,7,N/A,The tutorial at the beginning was very helpful. Both the verbal instruction and the computer instruction.,I would have liked to have known there were 10 rounds before starting.,"Usually it was names, however I got the hang of it because I was messing up on the Smith JR. and things like that. So once I figured that out I determined they were different people.",Clickable & meter with no limit
153,4,post,3,2,NA,5,7,3,6,some names occur very rarely and so can help in the decision making,Yes,3,7,none,never bothered about the red line,3,5,7,1,same as I have with the meter,yes,-,5,7,NA,NA,NA,NA,7,5,-,-,5,6,5,5,5,5,5,none,practice session was very helpful,length can be shortened to below 8 sections,intuition. Concluding which might be the differentiating factors to make the decision,Clickable & meter with high limit
157,5,post,2,2,4,2,3,3,4,It's an added information to make a decision,Yes,6,2,Nothing noteable,NA,3,2,4,2,NA,NA,NA,6,2,5,5,3,3,5,2,NA,NA,7,6,6,1,5,6,5,NA,NA,If it is possible to replace clicks with drag improves decision tracking of volunteers,Most of the times relied on the ID,Clickable & meter wih limit
160,3,post,3,4,NA,6,3,1,1,NA,Yes,2,3,NA,NA,NA,7,7,2,20% more,yes,NA,7,7,NA,NA,NA,NA,7,7,date of birth,NA,2,7,2,2,7,2,2,masking with @ and &,sex and race difference,NA,NA,Clickable & meter with no limit
162,4,post,3,2,NA,5,2,2,1,"Unique names with similar DOB, Gender, and Race made it easier to decide-- less likely to have multiple",Yes,5,2,NA,Yes,3,2,1,1,More,Yes,"How do you prevent people from writing down names of information in the software? People might have multiple browsers open, notebooks at hand, phones, etc. (especially for those of us with highly unique names)",7,7,NA,NA,NA,NA,7,7,"If you have a unique name, your information would be more identifiable/searchable","User friendly, easy to learn",6,7,2,6,7,3,7,"Time spent on the activity (longer time looking at screen, repetitiveness of task, becoming tired) ","Seeing definite differences, more ""red"", race/gender differences. Uniqueness of names paired with similar birthdates",NA,More information on potential differences,Clickable & meter with high limit
165,5,post,3,4,2,6,5,6,3,That gives a very good idea if the pair are same or different. Very common same first or second names mean the persons are likely to be different.,Yes,1,3,Everything was clear.,Not always.,2,6,5,3,Slightly more.,Yes.,"How much are they focusing on the ""releasing of information"" section and if the people in charge of handling the data are monitored or not.",5,4,2,2,1,4,5,4,The information is there and someone might misuse it.,The limitation on the accessible information. The symbols providing enough clue without the actual information being shown.,6,7,5,2,7,3,5,The meter had very low threshold sometimes.,The initial information helped a lot and the information provided in the tests were sufficient enough most of the times.,Less number of questions!,Based on the other information available and also how much it cost in the meter.,Clickable & meter wih limit
167,3,post,3,1,NA,1,2,4,4,I assumed that rare first and last name combination should belong to the same person despite differences in other categories. ,Yes,2,1,I understood but it was difficult at times.,NA,NA,5,5,3,slightly more but in some case it wouldn't have helped.,Somewhat easy. ,Nothing.,4,6,NA,NA,NA,NA,5,7,Nothing really. It wasn't clear when the sections will end.,It gave me insight into the kind of information about us other people may view/use.,4,6,5,1,5,3,4,I was not sure if I was supposed to assume that the data collected for the race and gender category were correct.,Rare names and swaps,NA,"Mostly to check gender if last name changed, and to check name if I doubted it could be twins. ",Clickable & meter with no limit
173,3,post,3,5,NA,4,2,1,7,If the name was common then there was a higher chance that the data was representing two individuals with different personal information rather than there being some sort of clerical mistake,Yes,1,3,No it was very straight forward,NA,NA,1,7,2,"If I could have without being ""penalized"" I would have looked at all of the available data in order to come to the most educated conclusion.",Yes,NA,7,7,NA,NA,NA,NA,7,7,NA,NA,6,7,6,7,7,7,7,NA,NA,NA,"I looked for patterns and acted accordingly, for example when the only difference was the last name different I would only check the sex and if it was a female it was more likely to be the same person.",Clickable & meter with no limit
179,3,post,2,4,NA,3,6,5,2,"Yes, because names that are unique are more likely to belong to the same person. A more common name made the decision harder, it would make it more likely for the people to be different.",Yes,2,7,no,NA,NA,5,3,2,"A lot more, probably most of the cells.",Yes,What steps are being made to maintain my confidentiality?,7,7,NA,NA,NA,NA,6,6,"The implications of my data, how could the hospitals use my information negatively? Would my health insurance increase should this data become public.",It allowed for parts of my information to remain hidden. ,5,7,5,6,7,2,4,"Hard to determine name changes, especially if the person is male.",Race seemed the most straight-forward category. Also knowledge that women commonly change last names made it easier. ,"Sometimes, when there was a single letter for the last name (ex","I chose to open the Sex column most frequently because it had the least privacy risk. If I couldn't determine whether or not the people were the same from there, I usually opened the Last Name or ID first, disregarding the privacy risk.",Clickable & meter with no limit
185,2,post,3,2,4,5,5,6,7,"What helped the most was if a name was unique (1). The likelihood of two people with a unique first and last name being different from each other is extremely low, and made those decisions easy. ",Yes,4,6,"It was very clear to me, although I'm curios to know why it matters about how certain we were about our answers, i.e., low, middle, or high likelihood. ",NA,NA,2,7,NA,NA,NA,"Please explain (with as many layman terms as possible), the kind of cyber security used in the interface? It would be disastrous if someone was able to hack into the system. ",7,7,5,5,3,2,7,7,"I'm not convinced they need SS number to complete this research. I rarely used the ID number to make any kind of decision, and considering that is the most sensitive piece of identification that most people have, I'm betting they would be unwilling to give it. ",I liked that everything was hidden except for information that differed. That way the researchers could accomplish their goal with minimal private intrusion. ,5,6,7,7,7,5,7,Not having data for a certain trait made it more difficult to make a linkage decision. ,Providing as much data as you did made it relatively simple to weigh the statistical likelihood of two people being the same or different. ,I actually thought this was a very good way to make decisions! Hiding unnecessary info allowed differences to become obvious. ,"The cells that had a difference were the ones I opened, with the exception of gender. If the only difference between two people was the last name, I would check gender to see if it was female. If it was, she likely just got married and it's the same person. ",Clickable w/out meter
190,4,post,3,1,NA,5,5,5,4,I did take it into account because it helped me make my final decision when I felt stuck with the other elements didn't give me much information ,Yes,1,1,The interface and task were very clear and straightforward Easy to navigate and offered all the info needed ,Yes more than enough I think ,3,5,5,3,Probably the same number because I was challenging myself to not open too many cells and guess the answers ,Yes it was ,"One question I had at the beginning is there should be an easier way using an algorithm to make the decisions about the linkage without using people's judgment. Also, would it be easier to gather the IDs by category (SSN, Driver licencse, school ID...) to avoid redundancy in case the same person used two different IDs. Thank you for this study, I am glad I took part of it as it helped me think about my own research. ",7,7,NA,NA,NA,NA,7,7,"It requires (at least for me) a lot of reasoning and thinking before I answer a question. I did not want to do it randomly, maybe my ethical side pushed me to accomplish the task to the best I could",it pushes you to think and make decisions on the spot ,5,5,5,5,5,3,6,"The most challenging part was when the IDs were different but the two persons were the same. And it's not just one number that is different, it's when the whole ID is not the same. ",three elements made it easier to make the linkage,Maybe add a key at the bottom of each page to show the different options and their corresponding symbols. ,"I created a strategy, if the last names are different (one has extra letters) I check if it's a suffix along with the different DOB. If the last or first names are different when everything is the same I try to see if there was a misspelling ",Clickable & meter with high limit
191,4,post,3,3,NA,7,5,5,5,NA,Yes,6,5,NA,YES,3,5,5,2,SAME,Y,the purpose of study,7,7,NA,NA,NA,NA,7,7,Misinterpretation,Protection of Privacy,6,5,6,6,6,6,5,NA,NA,NA,NA,Clickable & meter with high limit
192,5,post,2,1,3,3,6,5,5,if it was a 1 hen there was no one else with that name,Yes,2,6,no,easily,3,4,5,1,same,yes,what is it used for,3,5,4,5,4,5,2,5,It gathers a ton on information on you,n/a,5,5,5,5,5,5,5,none hat i can think of,Jr and SR tags were easy to spot,NA,"male female, couldn't use first names without seeing the whole thing",Clickable & meter wih limit
197,2,post,3,5,1,1,1,2,3,"If the name was more rare, I was more inclined to believe it was the same person.",Yes,5,5,No.,NA,NA,2,3,NA,NA,NA,"How would they handle trickier situations, such as different people but with the same info and name, just spelled slightly different. ",7,7,4,5,5,4,7,7,I don't have any concerns really.,It's easy to use and it doesn't expose all of your private information. ,7,7,5,7,7,5,6,"Whenever the name was common and it could have been a nickname, for example \""debe\"" and \""deborah\"".",Knowing whenever two numbers were swapped in position.,"Whenever there was both an insert and missing, it could get a little confusing.","I looked at all the similarities, made a guess about the situation (married and changed name, son and father, twins, etc.) and then opened the cells that would either prove or disprove my guess.",Clickable w/out meter
200,3,post,3,4,NA,7,7,6,1,People with same rare common first name and last name did actually turn out to be the same person,Yes,6,7,The name swap. It was confusing,NA,NA,3,1,1,Didn't use the meter,Didn't really use it. But was easy to understand,How do you regulate the person accessing this information,6,7,NA,NA,NA,NA,4,7,That the privacy depends on the person accessing the software. If through social engineering bad entities got in touch with that one person it could be bad. ,How it doesn't show everything. Only the necessary information,7,7,7,7,1,7,7,The one symbol with the name interchange is really confusing. ,The frequency of names,"Probably use equals""="" instead of name swap",NA,Clickable & meter with no limit
202,3,post,3,4,NA,5,2,3,3,NA,No,3,3,N/A,NA,NA,4,3,3,Would have opened up a lot,Yes,N/A,7,5,NA,NA,NA,NA,7,6,Reveal more information if unwanted cells are displayed,Easy User Interface,2,5,4,3,4,2,3,The survey was quite hectic to work out,Display of all images were really good,Keep up the good work,Intuition and logical reasoning,Clickable & meter with no limit
207,4,post,2,3,NA,7,5,4,2,"To spot differences, I had to understand that there are more common names between individuals than I initially thought before participating in this study that helped in deciding an answer.",Yes,7,5,"No, there was not. The instructions and guidance at the beginning of the study were clear.",Yes.,2,6,4,1,"Probably the same amount that I did, maybe a little more.",Yes.,"Will my information be kept confidential between the researcher, hospital records, and myself? ",6,7,NA,NA,NA,NA,6,7,"I was not concerned about anything while using the software. If private details such as SSN were used, then that would be a concern.","The instructions and guidance before beginning the study were clear and thought out. Not much information is released aside from normal details you would know about an individual such as DOB, gender, race, first and last name. An ""unusual"" identifier, if it can even be called that, would be an ID number that is assigned.",6,6,4,4,6,3,3,Spotting the difference between first names made deciding whether an individual was the same or different more difficult.,"DOB, race, and sex made linkages slightly easier.",NA,"Mostly, I looked to indicators on DOB and first and last name, as well as frequencies.",Clickable & meter with high limit
209,4,post,3,4,NA,5,6,4,5,A common first name made differences elsewhere weigh more ,Yes,4,6,why the same names would be different freq in one comparison,yes,2,5,3,2,a few more,yes.,NA,4,7,NA,NA,NA,NA,5,7,doesn't recognize similarities between initials and full names,easily noticed swapped digits or small variances that could be typos the naked eye could miss,7,7,5,6,7,6,7,The frequency wasn't the same for a check mark,knowing a jr wouldn't likely be born the same month and day as a father,Able to reverse previous decision,names w/ slight variation and sexes when names were different were most helpful,Clickable & meter with high limit
210,3,post,3,5,NA,6,5,2,6,It helped by letting me take into account rather if the person is different or the same.,Yes,2,2,"No, everything was easy to follow. ",NA,NA,5,5,3,I would've probably opened a little bit more items than what I needed to.,Yes the meter was easy to understand.,What is this study basically for ?,7,7,NA,NA,NA,NA,7,7,There was really no problem with the software.,What i liked about the software is that there was a lot of thinking because in the real world there can be several mistypes on things.,4,7,2,4,7,2,4,Deciding by the names and identification was hard,When there was only one mistake or when a certain thing was flipped.,"It was an interesting study to participate in, a lot of thinking and made you second guess things.",I didn't really click much cells at all.,Clickable & meter with no limit
211,2,post,3,4,4,5,7,6,5,"in case of a tough decision, the rarity of the name would act as a good indicator.",Yes,4,2,None,NA,NA,5,5,NA,NA,NA,"I would like to know how the data is being used, how it is being stored, and what happens to it after the study. I would also like the researchers to take full responsibility in case of any data breach.",7,7,4,5,5,5,7,7,"From what is visible to the user, there are no concerns at all. Cannot comment if there is any additional processing that takes place on the data.","Easy to use, does not provide any information that is not needed. Data is masked pretty well.",5,7,5,6,7,5,7,Deciding based on just last name if it's the same person who changed the last name after marriage or just or a different person.,Gender and Race would almost always be used as a tie-breaker in case of a tough choice.,NA,"Based on the possible choices I had after looking at the data. For instance, I would open the gender cells if I felt it was the same female who had changed the last name after marriage.",Clickable w/out meter
213,4,post,3,3,NA,4,4,2,6,"For common names, it'r more likely to have same people with all the records the same",Yes,5,7,No,It was more than enough,2,2,6,2,A lot more,Yes,NA,6,7,NA,NA,NA,NA,5,7,NA,NA,4,7,6,7,7,7,7,Thinking too much about exceptional cases that could happen,Examples that were mentioned in the practice problems,The sample problems were really good,Used my judgement in deciding which is the most dependable cell,Clickable & meter with high limit
214,3,post,3,4,NA,3,2,3,3,that is how i determined if it was the same person or not a lot of the time.,Yes,4,4,no.,NA,NA,3,2,1,About the same.,Yes.,What you are actually doing in this study.,5,5,NA,NA,NA,NA,7,6,you could see someone's personal information all at one time if someone tried to do that.,"It showed up your information that is personal, and hardly gave it all at once.",2,5,3,4,5,2,3,Nicknames and having the first letter of a last name only and it matching the other last name provided.,having the sex and race made it easier. those aren't usually mixed up and were an easy way to see right off,no.,"Only based on which ones would give me info, Sex (if it could be a woman that changed her last name). (First name if it was possible that there were twins.)",Clickable & meter with no limit
223,2,post,3,1,5,7,3,5,7,NA,Yes,7,3,NA,NA,NA,5,7,NA,NA,NA,NA,7,7,5,5,5,5,7,7,NA,NA,3,3,3,3,3,3,3,NA,NA,NA,NA,Clickable w/out meter
225,4,post,3,2,NA,3,7,5,4,That is an important factor because if there were very common names then the possibility of 2 people with the same rest of the data increased significantly,Yes,6,3,No,"Yes, I never came close to it",3,5,6,1,The same amount if told that privacy was of importance,Yes,Have they protected themselves against the threat of different types of code injections with the intent of stealing the patients information?,4,4,NA,NA,NA,NA,5,5,NA,That the data is hidden from view unless it is deemed necessary to telling 2 data sets apart,7,6,3,5,7,3,2,When there was the possibility of people not adding a Jr or III to the end of their last name and switching 2 digits on the date,when everything was entirely different or entirely the same,NA,"If I felt it was necessary to open the cells, then I did",Clickable & meter with high limit
232,3,post,2,4,NA,4,7,2,7,same names mean more if they are rare,Yes,0,7,I understood everything,NA,NA,4,7,2,about the same,yes,I dunno,7,7,NA,NA,NA,NA,7,7,I dunno,I dunno,4,4,4,4,4,4,4,NA,the symbols represent data very concisely,NA,"it was usually sex or date of birth. sex to check if it's a woman that changed her last name, and DoB to check if its a father/son, or mother/daughter relationship, also if the year ends on 05, for example, it is incorrect because the person wouldn't be alive in 2013",Clickable & meter with no limit
233,4,post,3,4,NA,5,3,1,1,I THINK HOW COMMON THE NAME IS MAY AFFECT THE DECISION,Yes,1,3,NO,"YES, I THINK SO",3,3,2,2,MAYBE ALL OF THEM,"YES, IT'S NOT HARD",NA,3,2,NA,NA,NA,NA,3,3,SOMEHOW IT IS STILL HARD TO MAKE THE DECISION. ,"IT CAN PROTECT PRAVICY, AND MAKE YOU DO THE DECISION EASIER",3,1,3,1,1,3,1,THERE ARE SO MANG DATAS,"NOTICE SOMEONE WITH DIFFERENT FIRST NAME(THEN CHECK THEIR SEX), AND DIFFERENT BIRTHDAY. START FROM THAT MAY MAKE THINGS RASIER ",I THINK THE SWITCH IS STILL DIFFICULT. ,USUALLY I WILL START FROM THE LAST NAME AND DOB,Clickable & meter with high limit
239,4,post,NA,NA,NA,NA,5,2,1,NA,NA,NA,NA,NA,NA,NA,NA,NA,NA,Slightly more,NA,NA,NA,7,NA,NA,NA,NA,NA,NA,NA,NA,1,NA,NA,NA,7,NA,NA,NA,Twin,NA,NA,Clickable & meter with high limit
242,5,post,3,3,4,4,4,5,1,because if someone has a rare name it's most likely the same one person,Yes,5,3,no,"For some sections it was not, but once I got the hang of it, it was more than enough",1,1,5,3,I would have opened as much as possible,yes,NA,7,7,4,5,4,5,7,7,NA,pay close attention to how much data you open,2,3,1,1,5,1,5,some records had no way of telling if is could be a maiden name,Jr and Sr and different races and genders,too long,started with the names that had additions like jr and sr,Clickable & meter wih limit
243,1,post,NA,1,5,7,7,1,4,"Yes, beacause people with rare names are likely to be same even when their id is different",Yes,6,7,NA,NA,NA,2,4,NA,NA,NA,NA,5,7,5,4,4,3,6,7,NA,NA,7,6,1,5,5,1,1,NA,NA,NA,NA,Full disclosure
249,1,post,NA,2,4,6,6,7,7,"If the name was common and there was some other difference, it was most likely that the two people were different. If the name was very rare, it was most likely that the people were the same. ",Yes,1,2,"As mentioned before, I noticed that sometimes the same first or last name had different icons referring to their frequency. In some cases, the name was what I based my decision on, and this difference in icons made it difficult to determine which was the correct one. ",NA,NA,5,7,NA,NA,NA,NA,7,7,3,5,4,4,7,7,NA,NA,7,6,4,4,7,4,5,"It was difficult when the the first and last names were unique, but the ID and birthdays each had one single numerical mistake. This made it it harder to decide whether or not they were both typos or not. Sometimes, the same last or first name would come up with different frequency icons, which made it harder to decide which was the correct frequency.","If the person had the same ID number and name, it was easy to make that decision. When people had differences between birthdays, race, and gender, it made it an easy answer that they were different people. ","Again, just make sure that the same frequency icons show up for the same name. Several of the last names were the same in the examples, but one would show up as \""unique\"" and the other would show up as \""often\"". It was difficult to determine which one I should use in order to make my decision. ",NA,Full disclosure
250,5,post,3,0,3,5,5,6,5,"If the name was the same but common, I was more inclined to think the people were different.",Yes,6,6,"Nope, the interface was easy to understand.",Yes,2,6,6,3,Maybe a little less,Yes,"I would like to know what exactly the formula is for ""scoring"" peoples' responses.",4,2,3,5,5,4,6,2,I am concerned about the length of the survey.,I liked its transparency and easiness to understand.,7,7,3,7,7,5,2,"It was tough because I had to be disciplined when choosing what to ""uncover"" due to the limited use (privacy bar).","Logical thinking, and the pre-survey slides.",Make it easier to click on selections.,"I chose information that would be helpful. For example, if the last name was the biggest difference, I'd click on gender (in case it's a married woman who changed her last name).",Clickable & meter wih limit
252,2,post,3,5,5,5,5,4,6,The first name and last name of two different people can be similar if they have different birth-dates. Many families have same names for their kids in memory of their parents or grand parents.,Yes,3,4,Nothing,NA,NA,4,6,NA,NA,NA,"Why are my daily conversations being monitored by some data company and I am forced to see about that stuff the next day on my laptop screens ? Eg., I shared about one snack that I like with one of my friend because he is fond of food and surprisingly I see the ad of the snack next day on my screens. Is data analysis and monitoring hindering privacy ? ",6,7,5,4,4,4,7,7,Nothing,Easy to use and friendly,5,5,5,5,7,5,5,When the birthdate and the first name match but the last name does not.,"Same sex, birth date, id and last name made it easier",It was an insightful study to understand data and how psychological decision making ability helps us to match the similarities between seperate set of data sets.,By analyzing all the fields and as per the instructions given to us to perform the study.,Clickable w/out meter
254,1,post,NA,1,5,1,3,2,6,"For example, if the names were rare then it is very less likely for two people to have the same name - same first and last name. If on the other hand, the names are very common, then two people are very likely to have the same first and last name",Yes,1,2,"No, the task and interface were very easy to use for a simple user. the task though easily understood was really tricky at times. ",NA,NA,5,5,NA,NA,NA,NA,4,6,4,5,4,5,4,7,NA,NA,1,2,5,1,2,2,3,The choices in the question were very close which made it difficult to answer which two data sets are similar and which are different. ,"For some questions, it was simple as a lot of data fields were different so that made the decision making easier. ",My first experience of participating in a research study like this. I personally liked the user study on data and information privacy and the decision making involved in here. ,NA,Full disclosure
258,5,post,3,3,2,1,6,2,7,if names were both unique and similar i was more likely to put in same. if names were common and everything was similar i was more likely to put different,Yes,4,7,no,yes,3,7,7,1,I really stopped opening them after like 2 sections because the changes themselves usually were enough for me to make an educated guess.,yes,NA,7,7,5,5,4,3,7,0,"the person on the software is really important and if he or she isn't a good person than they can somewhat abuse the software, but there is a limit on how much information they can see",the software helps protect your identity.,3,4,3,4,5,2,4,when frequency was different,"when sex or gender was different,when difference in last name was jr or sr, and when the last name was different and their gender was female",NA,if the last name was different i clicked on gender. if it said female than i would mark same person. if it was male i would click on last name and if i see jr or sr than i would know that it is two different people,Clickable & meter wih limit
261,2,post,2,2,4,5,5,1,1,"Because if the name was rare and the same, but thee was a diffeence in the other places, I thought they were the same",Yes,7,5,no,NA,NA,3,5,NA,NA,NA,Why would they need my personal identifying information,7,7,4,0,5,4,6,7,"If they really wanted to, they could get your info and link it back to you",They don't really access any of the information,7,6,3,7,7,5,3,The hidden infomation,Knowing where th differences were,the rating system was awkward to use,"If the last names were different bu he genders were different, i would click on he gender",Clickable w/out meter
262,1,post,NA,1,5,6,7,4,6,Because it gave idea that the rare names are not widely used so slight changes can easily be detected.,Yes,7,6,"The interface was not a good UI, I had to click several times to select the correct choice sometimes.",NA,NA,4,6,NA,NA,NA,"If the data is stored in local server instead of online based server. If the data is stored on online based server, I will most likely no be giving information.",7,7,5,5,3,4,7,7,The selection for choices is slow and inaccurate,"The software was easy to understand and straight forward, no learning curve",4,7,2,4,7,7,5,"The extensions after the name like Jr, VII. It made it seem like either they are the same person or could be sibling/children",The rare to common scale helped alot in decision making. It created and idea if the person is same or not.,"cursor feedback on selections, besides that, everything seemed good",NA,Full disclosure
265,1,post,NA,1,1,3,5,3,2,Rare name transpose are common to link it to same person errors,Yes,5,5,NA,NA,NA,7,4,NA,NA,NA,how common are the errors in these Id's,7,6,3,4,3,3,7,7,NA,NA,6,4,2,3,4,2,6,common names with different ID's,unique names,NA,NA,Full disclosure
266,2,post,3,4,5,7,6,4,5,NA,No,2,4,None,NA,NA,4,5,NA,NA,NA,None,6,5,1,4,4,4,6,6,None,Information security,3,4,3,1,5,1,1,Missing data,The ability to open missing information,None,To infer information about whether the data refer to the same or different people.,Clickable w/out meter
268,1,post,NA,2,5,6,3,5,2,Rarity of the first along with common/rare last names helped to identify whether they might be different or same person.,Yes,5,4,Not particularly. It seemed to help with the exercise.,NA,NA,3,3,NA,NA,NA,I would like to know if the information will be handled in a secure way. Why would I have to provide SSN when some other identifying information can be used?,6,5,5,5,5,5,6,6,"The names along with DOB, race, and gender can be identified to a particular person in case of rare names.",It helps in correcting the data and removing duplicates so as to provide accurate information.,5,7,3,4,6,3,3,It was difficult to understand the last name frequency since the same last name had two different frequencies.,the different cues help to figure out the differences.,When the errors were too many it helped to make a decision but it was also busy looking and that took a while to look at each error individually.,NA,Full disclosure
271,5,post,3,3,4,4,2,5,4,"If someone had a very unique name, it is likely that the same person was being referenced to if the names matched.",Yes,6,4,No,"I would have liked more ""budget"", but I know that in the real-world, privacy is very important so not much budget is allotted.",1,6,5,3,I would have opened up a lot more.,Yes,I would like to know who all would have access to the PII.,4,3,2,4,2,1,5,5,I would tell them that there are features to uncover the PII.,I would tell them that the PII is secure.,4,2,3,3,2,4,3,"When people's first or last names started with one letter, that made it confusing.","If I could tell that a female had different last names, I attributed that to her being married. That helped me.",Maybe just not as long,Process of elimination,Clickable & meter wih limit
273,1,post,NA,3,4,4,6,4,6,NA,Yes,4,6,no,NA,NA,4,6,NA,NA,NA,Worry about data breach,6,6,5,5,5,5,6,6,N/A,the software has clear instructions and easy to navigate through,6,4,4,4,7,4,4,no,mark the changes,N/A,NA,Full disclosure
274,5,post,3,2,4,5,5,1,1,"The rarer the names are, the more likely the data will be identical ",Yes,3,4,How does Sr/Jr influences the difference,"yes. if separate into six parts, in order to estimate each page's usage will be more helpful",2,6,5,2,almost half of the cell,yes,the likelihood for spread personal information,7,7,4,5,4,4,7,7,Be careful for the windows that ask for any permission to access,the clear outlook and easy operating system,6,6,3,4,5,2,2,n/a,n/a,"can't tell, but there're lots of information need to be considered during the decision making. If could make the decision making easier that would be helpful ","same/different, then likelihood",Clickable & meter wih limit
276,1,post,NA,1,4,5,2,2,3,It is a good method to tell the difference. ,Yes,3,3,It is clear!,NA,NA,3,3,NA,NA,NA,Is there any privacy issue? ,6,3,2,4,3,3,5,6,the items with larger difference could be sorted to make user to review it easily.,IT is clear and easy to use.,3,4,3,2,4,4,3,The correlation between similar data is hard to justify. ,"If the mark is with different colors, it makes user to recognize the error easily. ","If the probability of decision is shown, it will make user to make a decision.",NA,Full disclosure
280,2,post,3,1,3,5,5,2,6,Yes rare names were likely the same person.,Yes,4,7,I didn't like that it didn't show me the correct answer if I got something wrong.,NA,NA,6,6,NA,NA,NA,I would have liked to have known ho repeatative and boring this task was going to be.,7,7,3,3,3,3,7,7,I do not like having to flip over and back and forth between the cells.,I liked that they had instructions for each step.,7,4,1,2,5,5,1,"It was hard because it is an opinion and I was told my opinion was wrong a lot even though opinions are like feet. Everyone has them and they all stink, and for me they are always right.",I liked when the sex or race was different or it everything was the same. That made it easier.,I didn't like that it didn't show me the correct answer if I got something wrong.,"If the last names were different, I opened gender, and if it was female I knew they were likely the same. If it was male, I checked if they were a JR or Sr.",Clickable w/out meter
282,1,post,NA,2,4,2,2,2,5,RARITY FACTORS INTO THE PROBABILITY OF SIMILARITY ,Yes,1,1,NO,NA,NA,3,5,NA,NA,NA,VALIDITY AND CORRECTNESS OF THE DATA SET,6,7,4,4,3,4,6,7,NOTHING,EASENESS,7,6,1,1,6,4,3,"IDS, NAME","RACE, SEX, DOB","GIVE A BASELINE ON HOW TO DETERMINE % OF CONFIDENCE, AS EVERYONE HAS THEIR OWN LEVEL. SO THE DATA DOESN'T CONTRIBUTE TO ANYTHING UNTIL AND UNLESS THERE ARE SOME METRICS OR STRUCTURE. ",NA,Full disclosure
283,5,post,2,3,2,7,6,5,6,NA,No,3,3,I think just making sure they where similar was kind of hard.,Yes,2,5,6,2,A little bit more/,Yes,NA,6,5,3,3,3,3,7,7,NA,NA,4,3,4,4,3,4,4,I think one of the harder things was to figure out if they where the same person by just looking at one certain characteristic.,If they where named after their parents.,Look at the last name and first name that helped me figure out if they where the same of different person.,By thinking which one will help me the most.,Clickable & meter wih limit
284,5,post,3,2,4,6,7,6,6,To see if how similar or different the name variations are,Yes,7,7,n/a,yes,2,3,6,2,Somewhat more than I did becasue then there were no points to lose,yes,Who would my information be shared with?,6,7,4,5,4,4,6,7,It is possibe for one to reveal all the personal info available in the database,All the information is hidden unless someone decides to click on it to reveal it,6,6,5,6,6,5,7,The hidden information,Ability to just reveal key information like first name or sex,NA,Depending on how crucial the information was and how many points will I lose to reveal the info,Clickable & meter wih limit
285,1,post,NA,3,3,5,3,4,4,"People can have the same DOB naturally. However, If their last or first is unique. that is a signal to distinguish them from other. ",Yes,4,4,no,NA,NA,7,7,NA,NA,NA,NA,7,7,2,4,3,4,5,5,NA,NA,7,5,3,4,5,3,4,"When they could be a twins, their last name is rare and their name is kind of similar. ",When every information of 2 people is complete different,"There are some situation that 2 people have the same last or first name, but the software ranks their similarity/ uniqueness differently. This was quite confused me.",NA,Full disclosure
291,2,post,3,1,4,6,5,2,1,"Because the more unique the name was, the more likely it was that it was the same person",Yes,5,5,N/A,NA,NA,2,1,NA,NA,NA,"I would like to know how many other companies/ organizations acquire these types of information, and where the information goes whenever their done with it. Also, in the information does get into the wrong hands, what kind of action is done to fix it?",7,7,3,3,2,3,7,7,"I would be concerned that my private information would get into the wrong hands, and may be stolen by people that i don't know.",That the software will gather their personal information. ,3,7,2,1,7,4,2,The hardest part was when the ID didn't match but everything else had,When the ID matched along with date of birth. ,NA,"If there were missing information in the names, clicking them helped to identify if the names were slightly similar. ",Clickable w/out meter
292,5,post,3,2,1,2,5,1,5,"Yes. If the name is very rare, it's very likely the account may be the same person.",Yes,5,5,No.,yes,3,2,5,1,about the same,yes,The privacy level of the software.,6,5,2,4,4,4,6,5,My private information will be released to other organizations.,The information can be combined and used in a more accurate and efficient way.,5,6,5,1,6,5,4,"When the information is missing, and when the Firstname & lastname are both very common.",If all the symbols agree on the same linkage decision (e.g all the columns are different.),It's good.,When I need more information (e.g judging if the person may be a female who changed her lastname after getting married),Clickable & meter wih limit
295,2,post,3,1,5,3,3,6,7,When the names frequently used names. it is more likely that they are not the same people especially for the last names.,Yes,1,2,No.,NA,NA,7,7,NA,NA,NA,No.,6,5,5,4,3,4,6,6,No.,It is a software that helps the user to identify similarities with people's information and predict if the information is from the same people or not. ,1,2,5,5,3,2,4,It was a little complex because we were mean to weigh different possibilities.,Doing it more often made it easier. The icons used made it easier to identify.,I think 6 -8 Sections is just fine. 10 Sections seemed too long.,I mostly opened the names column. Especially the ones that looked similar to see if they were actually similar. ,Clickable w/out meter
296,2,post,1,1,5,6,2,3,2,NA,Yes,4,5,"I don't understand why information was hidden. I believe I was told that this was to keep information private, but then why give us the option of revealing all of the information. It just made the process more difficult. If the study is not about finding differences between data sets and is instead about memorizing an overly complicated system, then I would prefer if the study was upfront about that at the beginning.",NA,NA,6,3,NA,NA,NA,What was the purpose of this study and why was the system of hiding information used?,7,7,3,3,3,3,7,7,You can click on all the cells and reveal the information. If the purpose of the system is to keep information private then it fails spectacularly.,NA,4,2,2,7,2,1,2,NA,Having the error color coded was nice.,NA,I was not careful about opening cells and opened whenever I was unsure about a result.,Clickable w/out meter
298,2,post,2,1,5,2,2,3,2,It is after all human data. Drawing from personal experience to determine commonness or rarity must be allowed.,Yes,6,7,NO,NA,NA,3,2,NA,NA,NA,NA,7,7,5,5,5,4,7,7,interface is too drab,It was easy to operate,3,2,3,2,3,3,3,Data missing in some of the questions made the task difficult,NA,There are two many sections making this endeavor taxing,"ID received maximum importance. If I found the ID different, I would be skeptic.",Clickable w/out meter
304,5,post,3,1,5,7,7,1,7,a name being rare can be an indication that a typo occurred.,Yes,2,7,No,Yes,1,1,7,3,everything,yes,"what is the remediation process. So if two unrelated records are linked, how quickly would they fix the problem once brought to their attention.",7,7,1,5,5,5,2,6,pairing,pairing,7,7,7,7,7,7,7,None.,Symbols.,Interesting,DOB and gender were the most important to check.,Clickable & meter wih limit
306,5,post,3,3,3,2,3,4,7,If one of the name was unique it could possibly belong to a different person. Made the decision easy as not all people know unique names.,Yes,7,7,Everything was understood.,"Yes, it was enough.",2,3,7,3,I would have opened more cells to make everything easy for me.,"Yes, it was easy.",To explain more about how the data confidentiality is maintained.,6,7,2,5,5,3,6,7,Nothing I can think of.,That the data will be clubbed and information will not be revealed.,7,3,5,2,7,4,5,Did not find any difficulty. Instructions were clear.,Explanation of all symbols and privacy beforehand,Nothing I can think of.,"Based on which column can help me distinguish the pair where I got stuck. Like if everything is same but not last name, this made me click Sex column to identify that this female can have same last name.",Clickable & meter wih limit
309,2,post,2,2,5,6,5,5,3,It helps when the majority of evertyhing else is the same,Yes,3,3,No,NA,NA,6,6,NA,NA,NA,Who would have access to my info? Who can view my info? Do I have to put my SSN?,7,7,5,5,5,4,7,7,A person can eventually view every detail if they just click the box open,It was very confidential from a short perspective,7,2,5,4,6,3,3,flipped numbers,different race and gender. completely different birthdays,"The study is extremely long. I felt like after about section 5 or 6, I became tired of looking and doing the same thing. However, the study was kind of interesting",By choosing the ones I best believed that would help me identify the persons identity,Clickable w/out meter
310,5,post,3,2,5,4,3,1,1,It helped with predicting whether two people were different even if they had the same common name ,Yes,3,5,No,yes,3,4,2,2,less,yes,What the information will be used for ,6,7,3,5,4,5,6,7,very monotonous when clicking through ,intuitive and easy to use ,4,5,5,2,5,4,4,First letter of last name versus writing the entire last name ,JR/SR,NA,Opened the cells which gave little information(gender). to make the prediction if the woman was married with a different last name ,Clickable & meter wih limit
312,1,post,NA,4,3,3,5,6,3,Rare names are unique,Yes,1,5,"NA",NA,NA,1,3,NA,NA,NA,"NA",1,4,5,5,4,2,5,2,"Again, algorithms are not always correct",It could be reliable with some good alogirthm,4,6,2,2,2,3,4,Too many questions,use of color red and green,use of colors and the user interface for data presentation was good. ,NA,Full disclosure
315,2,post,2,3,3,5,5,6,6,"Yes because if it was a rare or unique name, then I made the assumption that it was the same individual.",Yes,1,1,No,NA,NA,6,6,NA,NA,NA,I would like to know who will be viewing this information and what they would be viewing the information for.,5,7,5,5,5,4,7,7,"All of the information is easily accessible with one click to view the information. If people are given unlimited clicks to view the information, then they may simply view everyone's information as they please.",I liked that personal information was kept private unless explicitly needed to sort out the information for duplicates and other problems.,7,7,5,4,7,5,6,The ID numbers made it hard to detect differences because many of them were not matching IDs yet most everything else matched up,All of the hints stating whether they were the same versus different and where the differences were allowed me to guess what was different about that specific entry without having to open the information.,It was easy and simple to use.,I would first check the names and date of births.,Clickable w/out meter
317,5,post,3,4,2,2,2,4,2,You could use rarity to determine how many other differences there could be before it stopped being the same person if they were identical. You could also use it to kind of predict when somebody had typed their last name instead of first.,Yes,2,3,Not Really,"No, I would like an exact label as to where the budget is and not just a picture",1,6,4,3,maybe 1.5x as much,"Yes, although I initially thought it was only for the page I was on",How they would try and go through the information if neccesary,1,7,3,4,4,4,4,7,That I might be mistaken for somebody else,That my information would only be revealed when necessary information as being sought out,2,4,6,2,2,5,5,The one that I think tripped me up the most is when people put their initials as that made it look like a completely different name,Jr and Sr made it much much easier so long as the birth date was available.,"if there was a better way to detect spaces where people might have made a seperation for either a JR, SR, III. or putting their first or last initial","Whichever I thought would make me certain on if it was same or different, and then the cheap ones that might offer some clues",Clickable & meter wih limit
318,1,post,NA,1,5,3,6,3,4,It seems unlikely that two people with the same very rare first and last name would be born on the same date.,Yes,2,7,It was all very clear.,NA,NA,5,5,NA,NA,NA,I would like to know who has access to view and change my personal information.,7,7,5,5,5,5,6,7,I would be concerned about not knowing who has access to my very personal information.,I would not like anything about this software.,5,6,2,4,6,2,2,When two entries has the same rare first and last names but everything else was different.,"Sometimes there was a \""Jr.\"" added to the name, so then looking at the age difference to see if a father/son made sense generationally could increase my confidence in them being different people. ",It was all very clear.,NA,Full disclosure
320,5,post,3,1,4,2,5,4,2,"Because the less the frequency is, the more likely that it is just an typo or entry error",Yes,6,4,Some symbols shown differences,Yes,3,4,2,1,It is somewhat easy for me make a decision so I do not rely on the open-up of the cell a lot.,yes,How long will it take?,6,6,4,4,4,4,6,6,It takes time and boring. ,It is fun if you like making inferences or good at it,6,2,6,6,2,6,6,The same ID,"totally different ID, or the less frequency of the name",1. The frequency bar needs to be shown somewhere on the screen as not everybody has good memory to remember this 2. The feedback should include the correct answer if an incorrect answer is indicated,when it is difficult to make a decision,Clickable & meter wih limit
323,1,post,NA,2,2,4,5,3,5,"When taking into account similarity of DOB, it would help to know if a name is common or not.",Yes,4,6,"NA",NA,NA,3,5,NA,NA,NA,"Who would have access to the information, how it would be stored, what security would be used, etc.",6,6,4,4,3,3,6,6,How easy it is to identify a unique individual from a few pieces of information even including error.,I liked its ability to easily discern differences and patterns.,5,5,4,5,3,4,4,Single point differences between records.,Clear patterns in record numbers or differences that were difficult to explain away by chance.,"NA",NA,Full disclosure
329,2,post,3,4,4,3,5,2,2,"Yes, I believe name rarity was a very important factor. Even if some of the data is different, however names are same and unique, it gives a good chance that the two people are the same. Uncommon names in spite of having all the data similar, may possess high chances of coming from two different people.",Yes,1,1,No. It was all very well explained.,NA,NA,7,6,NA,NA,NA,NA,7,7,2,4,3,4,7,7,"At some point, in order to remove ambiguity, some of your confidential may be used.",It does not use all of our data. It uses data in situations where there is ambiguity about decision making.,6,7,2,2,6,2,5,"The data available sometimes isn't enough to make proper decisions. There is mostly a trade off, and different people might perceive it differently to come to a conclusion considering all the features.","A good number of factors were taken into consideration. Factors like gender, and titles like Jr and Sr made it very easy to process the data.", Please give the option to go back and change answers.,"I decided to open only those cells which could provide the required answers, for example if the last name if different and all other data is the same, it may be possible that these data come from a woman who changed her last name after marriage. Hence the first cell to be opened is the sex column.",Clickable w/out meter
337,5,post,3,1,3,4,4,7,4,"Coming from someone who has a rare last name, I know it is hard to find someone that matches exactly to you as well as having that last name.",Yes,1,4,"No, the assignment was well explained ","I never went close to the red line, I think the budget was enough. ",1,7,5,3,Probably a lot more than I would have with the meter. I paced myself based on the bar. ,"Yes, the meter was very easy to understand",If they will sell the visible information to other companies. ,7,7,5,5,4,4,7,7,You can still view all the private information if you really needed it. ,It's not as easy to differentiate people when it's censored.,7,6,2,2,6,4,7,"Other than the normal amount, I don't think anything made it harder ",The check marks and swaps were the easier features of detection. ,N/A,"If everything was the same except for the last name, i'd open the sex cell to determine if it was a married woman or not. Names were also tricky so if i suspected they were the same, i would click to see if the nickname seemed close to the other name.",Clickable & meter wih limit
341,2,post,3,2,2,4,3,3,5,Helps to make decisions on whether they could be the same or different persons.,Yes,4,4,The task was slightly challenging but easy to understand and take. ,NA,NA,2,5,NA,NA,NA,I would like to know the legal and ethical implications of using such data before taking any steps in the research process. ,6,5,3,5,4,3,5,6,"Sometimes even after careful considerations, we might end up making the wrong assumptions. ",Helps identifying data entry errors and eliminate duplicate records. ,6,4,5,2,6,3,3,When the information is masked to a certain degree it becomes very difficult to make linkage decisions. ,The symbols and their implications made it easier to make linkage decisions.,It is a good interface and nice initiative.,The explanation and practice problems in the beginning helped in making these decisions.,Clickable w/out meter
350,5,post,3,1,4,7,7,5,3,"if the name was extremely unique it did help marking people as the same. If the name was really common, I leaned more to making them different people",Yes,4,4,No.,"Yes, however I understood there would be more lines based on the tutorial, and was frustrated when I realized the bar reset, and I thought I had more openings ",2,5,3,2,"If I was told that the lowest open received more points, I would have been cautious but not as cautious ",Yes.,"If they would have restrictions, is there more data they can collect to be able to differentiate without showing the particulars of the data",7,7,2,4,3,3,7,7,"How easy it is to get all of the information. Unless restrictions were imposed, I would not feel comfortable.",If the data was very different it was easy to tell.,7,7,3,7,7,5,5,"Comparing common names. Especially if you are not sure of where this data is taken from, some names might be more common in certain areas","Unique names. Birthdate data, and titles such as ""III"" or JR /SR","Marking out questions that had been responded to, having access to the symbol guide as well.",Based on the advice in the tutorial. If there were unique names with small difference I opened them. Or names that had extra letters.,Clickable & meter wih limit
351,2,post,3,3,3,7,5,3,7,"The more rare a name, the less likely they are to be people with the exact name.",Yes,4,5,N/A,NA,NA,2,7,NA,NA,NA,How protected is this software from being hacked? Who all in the hospital systems will have access to it?,5,4,5,5,5,4,6,5,N/A,Simplicity and the ease of keeping each row separate because of the color blocking (each row was a separate color so you didn't get them mixed up),0,0,0,0,0,0,0,"If there were fewer complete differences in the data or if only one thing, like birth year, got switched.",If there were more complete differences in the data.,"Let users know how many sections they can expect to complete. I go more tired the further along I went because I couldn't see an \""end\"" in sight.","I opened up cells that were very similar to see if I could figure out how they would be different or the same. For example, did the first name appear like one could be the full name and another a shortened version.",Clickable w/out meter
352,2,post,2,2,4,6,3,6,5,It helped make the right decision.,Yes,6,2,"In case of a name-swap, at times the unique names also showed variable frequency, was confusing to comprehend.",NA,NA,6,6,NA,NA,NA,Why was this possibility not discussed earlier?,7,7,5,5,5,3,5,7,"too many criteria to keep in mind, needs lot of attention.",frequencies were cool,6,7,3,7,7,5,2,Privacy - substitution of characters with symbols.,frequencies/ color coding of cues.,looks very drab- could be more fun to look at especially if one is going to stare at it for a long time.,Following lead of the instruction slides.,Clickable w/out meter
354,2,post,2,3,3,5,5,6,4,I looked for 1 to make sure that there was only one occurrence of that name to identifly duplicate entries. ,Yes,3,1,No,NA,NA,2,4,NA,NA,NA,NA,7,7,5,5,4,2,7,7,being able to look at all information with double clicks. ,easy to identify. comparison is done between two probable sets.,7,7,3,7,7,3,3,the frequency of occurance of names. ,"differences in sex, race and major differences in birthday",Identifying twins and relatives uniquely,I used instructions provided in slides,Clickable w/out meter
356,5,post,3,1,1,6,7,5,6,I didn't find that information useful in several instances.,No,7,7,NA,"Yes, plenty.",3,2,6,1,It didn't matter to me.,Yes,Will the ID and DOB visible to the researchers?,3,6,5,5,5,5,4,6,That ID and DOB will be accessible. ,NA,7,4,5,1,6,5,2,NA,NA,NA,"If ID and DOB were not giving any decision, I opened other fields like name.",Clickable & meter wih limit
2001,2,post,3,2,2,3,4,4,3,Because if its a very unique or rare name for first and last combination its likely to be the same person most often.,Yes,3,4,There was nothing I didn't understand.,NA,NA,4,5,NA,NA,NA,Why would they like to use very specific info like my ssn.,7,7,4,4,4,3,7,7,Have more more methods of determining a person (EX place of birth),The way it showed minor differences in names or dates using symbols instead of having to search carefully for differences.,4,5,4,3,5,4,3,"a lot of times if the two people were very similar but were seperated by one having a jr. or senor behind the last name and having just the last name for the other one, they often had similar birthdays only seperated by last two digits of the year ex",uniqueness of a last and first name made it easier to identify if they were the same of different.,Including the middle name if applicable.,based on what was most important and also was determined by the information I already had.,Clickable w/out meter
2002,5,post,1,4,4,5,5,4,2,"more rare the name is, higher the precision of decision can be made",Yes,5,5,"NA",yes,2,4,2,1,similar as the with the meter,yes,the privacy of my info,6,7,4,4,4,4,6,7,need more training/practice before using this software professionally,"Blind private info,but still precise enough to make decision",4,4,5,5,5,2,6,many possible results regarding to the blinding data set,"unique first and last name, only the birth date/month order change, or only to digital number of ID change","NA",the critical of this cell related to my decision,Clickable & meter wih limit
