u_id,section_1_page_1_attention,section_1_page_2_attention,section_1_page_3_attention,section_1_page_4_attention,section_1_page_5_attention,section_1_page_6_attention,section_10_page_1_attention,section_10_page_2_attention,section_10_page_3_attention,section_10_page_4_attention,section_10_page_5_attention,section_10_page_6_attention,section_2_page_1_attention,section_2_page_2_attention,section_2_page_3_attention,section_2_page_4_attention,section_2_page_5_attention,section_2_page_6_attention,section_3_page_1_attention,section_3_page_2_attention,section_3_page_3_attention,section_3_page_4_attention,section_3_page_5_attention,section_3_page_6_attention,section_4_page_1_attention,section_4_page_2_attention,section_4_page_3_attention,section_4_page_4_attention,section_4_page_5_attention,section_4_page_6_attention,section_5_page_1_attention,section_5_page_2_attention,section_5_page_3_attention,section_5_page_4_attention,section_5_page_5_attention,section_5_page_6_attention,section_6_page_1_attention,section_6_page_2_attention,section_6_page_3_attention,section_6_page_4_attention,section_6_page_5_attention,section_6_page_6_attention,section_7_page_1_attention,section_7_page_2_attention,section_7_page_3_attention,section_7_page_4_attention,section_7_page_5_attention,section_7_page_6_attention,section_8_page_1_attention,section_8_page_2_attention,section_8_page_3_attention,section_8_page_4_attention,section_8_page_5_attention,section_8_page_6_attention,section_9_page_1_attention,section_9_page_2_attention,section_9_page_3_attention,section_9_page_4_attention,section_9_page_5_attention,section_9_page_6_attention
5,1,1,1,1,1,1,3,1,0,1,1,0,1,1,1,1,1,1,1,1,1,1,1,1,1,1,1,1,1,1,1,1,1,1,1,1,1,1,1,1,1,1,2,1,1,1,1,0,2,1,1,1,1,0,1,1,2,0,2,0
6,1,1,1,1,1,1,3,1,0,1,1,0,1,1,1,1,1,1,1,1,1,1,1,1,1,1,1,1,1,1,1,1,1,1,1,1,1,1,1,1,1,1,2,1,1,1,1,0,2,1,1,1,1,0,1,1,2,0,2,0
7,1,1,1,1,1,1,3,1,0,1,1,0,1,1,1,1,1,1,1,1,1,1,1,1,1,1,1,1,1,1,1,1,1,1,1,1,1,1,1,1,1,1,2,1,1,1,1,0,2,1,1,1,1,0,1,1,2,0,2,0
8,1,1,1,1,1,1,NA,NA,NA,NA,NA,NA,1,1,1,1,1,1,1,1,1,1,1,1,NA,NA,NA,NA,NA,NA,NA,NA,NA,NA,NA,NA,NA,NA,NA,NA,NA,NA,NA,NA,NA,NA,NA,NA,NA,NA,NA,NA,NA,NA,NA,NA,NA,NA,NA,NA
9,1,1,1,1,1,1,3,1,0,1,1,0,1,1,1,1,1,1,1,1,1,1,1,1,1,1,1,1,1,1,1,1,1,1,1,1,0,1,1,1,1,1,2,1,1,1,1,0,2,1,1,1,1,0,1,1,2,0,2,0
15,1,1,1,1,1,1,NA,NA,NA,NA,NA,NA,1,1,1,1,1,1,1,1,1,1,1,1,1,1,1,1,1,1,1,1,1,1,1,1,0,1,1,1,1,1,2,1,1,1,1,0,NA,NA,NA,NA,NA,NA,NA,NA,NA,NA,NA,NA
16,1,1,1,1,1,1,NA,NA,NA,NA,NA,NA,1,1,1,1,1,1,1,1,1,1,1,1,1,1,1,1,1,1,1,1,1,1,1,1,1,1,1,1,1,1,2,1,1,1,1,0,2,1,1,1,1,0,NA,NA,NA,NA,NA,NA
26,1,1,1,1,1,1,3,1,0,1,1,0,1,1,1,1,1,1,1,1,1,1,1,1,1,1,1,1,1,1,1,1,1,1,1,1,1,1,1,1,1,1,2,1,1,1,1,0,2,1,1,1,1,0,1,1,2,0,2,0
28,1,1,1,1,1,1,3,1,0,1,1,0,1,1,1,1,1,1,1,1,1,1,1,1,1,1,1,1,1,1,1,1,1,1,1,1,1,1,1,1,1,1,2,1,1,1,1,0,2,1,1,1,1,0,1,1,2,0,2,0
30,1,1,1,1,1,1,3,1,0,1,1,0,1,1,1,1,1,1,1,1,1,1,1,1,1,1,1,1,1,1,1,1,1,1,1,1,1,1,1,1,1,1,2,1,1,1,1,0,2,1,1,1,1,0,1,1,2,0,2,0
34,1,1,1,1,1,1,3,1,0,1,1,0,1,1,1,1,1,1,1,0,1,1,1,1,1,1,1,1,1,1,1,1,1,1,1,1,1,0,1,1,1,1,2,1,1,1,1,0,1,1,1,1,1,0,1,1,2,0,2,0
41,1,1,1,1,1,1,NA,NA,NA,NA,NA,NA,1,1,1,1,1,1,1,1,1,1,1,1,0,1,1,1,1,1,NA,NA,NA,NA,NA,NA,NA,NA,NA,NA,NA,NA,NA,NA,NA,NA,NA,NA,NA,NA,NA,NA,NA,NA,NA,NA,NA,NA,NA,NA
48,1,1,1,1,1,1,NA,NA,NA,NA,NA,NA,1,1,1,1,1,1,1,1,1,1,1,1,1,1,1,1,1,1,1,1,1,1,1,1,1,1,1,1,1,1,2,1,1,1,1,0,NA,NA,NA,NA,NA,NA,NA,NA,NA,NA,NA,NA
49,1,1,1,1,1,1,NA,NA,NA,NA,NA,NA,1,1,1,1,1,1,1,0,1,1,1,1,1,1,1,1,1,1,1,0,1,1,1,1,0,0,1,0,1,0,NA,NA,NA,NA,NA,NA,NA,NA,NA,NA,NA,NA,NA,NA,NA,NA,NA,NA
51,1,1,1,1,1,1,NA,NA,NA,NA,NA,NA,1,1,1,1,1,1,1,1,1,1,1,1,NA,NA,NA,NA,NA,NA,NA,NA,NA,NA,NA,NA,NA,NA,NA,NA,NA,NA,NA,NA,NA,NA,NA,NA,NA,NA,NA,NA,NA,NA,NA,NA,NA,NA,NA,NA
52,1,1,1,1,1,1,NA,NA,NA,NA,NA,NA,1,1,1,1,1,1,1,1,1,1,1,1,1,1,1,1,1,1,1,1,1,1,1,1,NA,NA,NA,NA,NA,NA,NA,NA,NA,NA,NA,NA,NA,NA,NA,NA,NA,NA,NA,NA,NA,NA,NA,NA
55,1,1,1,1,1,1,NA,NA,NA,NA,NA,NA,1,1,1,1,1,1,1,1,1,1,1,1,1,1,1,1,1,1,1,1,1,1,1,1,1,1,1,1,1,1,NA,NA,NA,NA,NA,NA,NA,NA,NA,NA,NA,NA,NA,NA,NA,NA,NA,NA
59,1,1,1,1,1,1,NA,NA,NA,NA,NA,NA,1,1,1,1,1,1,NA,NA,NA,NA,NA,NA,NA,NA,NA,NA,NA,NA,NA,NA,NA,NA,NA,NA,NA,NA,NA,NA,NA,NA,NA,NA,NA,NA,NA,NA,NA,NA,NA,NA,NA,NA,NA,NA,NA,NA,NA,NA
61,1,1,1,1,1,1,3,1,0,1,1,0,1,1,1,1,1,1,1,1,1,1,1,1,1,1,1,1,1,1,1,1,1,1,1,1,1,1,1,1,1,1,2,1,1,1,1,0,2,1,1,1,1,0,1,1,2,0,2,0
62,1,1,1,1,1,1,NA,NA,NA,NA,NA,NA,1,1,1,1,1,1,1,1,1,1,1,1,1,1,1,1,1,1,1,1,1,1,1,1,0,1,1,0,0,0,NA,NA,NA,NA,NA,NA,NA,NA,NA,NA,NA,NA,NA,NA,NA,NA,NA,NA
73,1,1,1,1,1,1,NA,NA,NA,NA,NA,NA,1,1,1,1,1,1,NA,NA,NA,NA,NA,NA,NA,NA,NA,NA,NA,NA,NA,NA,NA,NA,NA,NA,NA,NA,NA,NA,NA,NA,NA,NA,NA,NA,NA,NA,NA,NA,NA,NA,NA,NA,NA,NA,NA,NA,NA,NA
77,1,1,1,1,1,1,NA,NA,NA,NA,NA,NA,1,1,1,1,1,1,1,1,1,1,1,1,1,1,1,1,1,1,1,1,1,1,1,1,1,1,1,1,1,1,2,1,1,1,1,0,2,1,1,1,0,0,1,1,2,0,2,0
78,1,1,1,1,1,1,3,1,0,1,1,0,1,1,1,1,1,1,1,1,1,1,1,1,1,1,1,1,1,1,1,1,1,1,1,1,1,1,1,1,1,1,2,1,1,1,1,0,2,1,1,1,1,0,1,1,2,0,2,0
79,1,1,1,1,1,1,NA,NA,NA,NA,NA,NA,1,1,1,1,1,1,1,1,1,1,1,1,1,1,1,1,1,1,1,1,1,1,1,1,1,1,1,1,1,1,1,1,0,1,0,0,NA,NA,NA,NA,NA,NA,NA,NA,NA,NA,NA,NA
81,1,1,1,1,1,1,NA,NA,NA,NA,NA,NA,1,1,1,1,1,1,1,1,1,1,1,1,1,1,1,1,1,1,1,1,1,1,1,1,1,1,1,1,1,1,2,1,1,1,1,0,NA,NA,NA,NA,NA,NA,NA,NA,NA,NA,NA,NA
82,1,0,1,1,1,1,3,1,0,1,1,0,1,1,1,1,1,1,1,1,1,1,1,1,1,1,1,1,1,1,1,1,1,1,1,1,1,1,1,1,1,1,2,1,1,1,1,0,2,1,1,1,1,0,1,1,2,0,2,0
85,1,0,1,1,1,1,NA,NA,NA,NA,NA,NA,1,1,1,1,1,1,1,1,1,1,1,1,0,1,1,1,1,0,NA,NA,NA,NA,NA,NA,NA,NA,NA,NA,NA,NA,NA,NA,NA,NA,NA,NA,NA,NA,NA,NA,NA,NA,NA,NA,NA,NA,NA,NA
87,1,1,1,1,1,1,3,1,0,1,1,0,1,0,1,1,1,1,1,1,1,1,1,1,1,1,1,1,1,1,1,1,1,1,1,1,1,0,1,1,1,1,2,1,1,1,1,0,2,1,1,1,1,0,1,1,2,0,2,0
90,1,1,1,1,1,1,2,1,0,1,1,0,1,1,1,1,1,1,1,1,1,1,1,1,1,1,1,1,1,1,1,1,1,1,1,1,1,1,1,1,1,1,2,1,1,1,1,0,2,1,1,1,1,0,1,0,2,0,2,0
91,1,1,1,1,1,1,NA,NA,NA,NA,NA,NA,1,1,1,1,1,1,1,1,1,1,1,1,1,1,1,1,1,1,1,1,1,1,1,1,1,1,1,1,1,1,2,1,1,1,1,0,2,1,1,1,1,0,NA,NA,NA,NA,NA,NA
93,1,1,1,1,1,1,NA,NA,NA,NA,NA,NA,1,1,1,1,1,1,1,1,1,1,1,1,0,1,1,0,1,0,NA,NA,NA,NA,NA,NA,NA,NA,NA,NA,NA,NA,NA,NA,NA,NA,NA,NA,NA,NA,NA,NA,NA,NA,NA,NA,NA,NA,NA,NA
99,1,1,1,1,1,1,NA,NA,NA,NA,NA,NA,1,1,1,1,1,1,1,1,1,1,1,1,1,1,1,1,1,1,1,1,1,1,1,1,1,1,1,1,1,1,2,1,1,1,1,0,2,1,1,1,1,0,NA,NA,NA,NA,NA,NA
100,1,1,1,1,1,1,NA,NA,NA,NA,NA,NA,1,1,1,1,1,1,1,1,1,1,1,1,0,1,1,1,1,1,0,1,1,1,1,1,1,0,1,1,1,1,1,1,1,1,1,0,2,1,1,1,1,0,0,0,2,0,2,0
102,1,1,1,1,1,1,NA,NA,NA,NA,NA,NA,1,1,1,1,1,1,1,1,1,1,1,1,1,1,1,1,1,1,1,1,1,1,1,0,1,1,1,1,1,1,2,1,1,1,1,0,2,1,1,1,1,0,NA,NA,NA,NA,NA,NA
108,1,0,1,1,1,1,3,1,0,1,1,0,1,1,1,1,1,1,1,1,1,1,1,1,1,1,1,1,1,1,0,1,1,1,1,1,1,1,1,1,1,1,2,1,1,1,1,0,2,1,1,1,1,0,1,1,2,0,2,0
110,1,1,1,1,1,1,NA,NA,NA,NA,NA,NA,1,1,1,1,1,1,0,1,1,1,1,1,NA,NA,NA,NA,NA,NA,NA,NA,NA,NA,NA,NA,NA,NA,NA,NA,NA,NA,NA,NA,NA,NA,NA,NA,NA,NA,NA,NA,NA,NA,NA,NA,NA,NA,NA,NA
111,1,1,1,1,1,1,3,1,0,1,1,0,1,1,1,1,1,1,1,1,1,1,1,1,1,1,1,1,1,1,1,1,1,1,1,1,1,1,1,1,1,1,2,1,1,1,1,0,2,1,1,1,1,0,1,1,2,0,2,0
112,1,1,1,1,1,1,NA,NA,NA,NA,NA,NA,1,0,1,1,1,1,1,0,1,1,1,1,1,1,1,1,1,1,0,1,1,1,1,1,NA,NA,NA,NA,NA,NA,NA,NA,NA,NA,NA,NA,NA,NA,NA,NA,NA,NA,NA,NA,NA,NA,NA,NA
119,1,0,1,1,1,1,3,1,0,1,1,0,0,1,1,1,1,1,1,1,1,1,1,1,1,1,1,1,1,1,1,1,1,1,1,1,0,1,1,1,1,1,2,1,1,1,1,0,2,1,1,1,1,0,1,1,2,0,2,0
121,0,1,1,1,1,1,NA,NA,NA,NA,NA,NA,1,1,1,1,1,1,1,0,1,1,1,1,1,0,1,1,1,1,1,1,1,1,1,1,NA,NA,NA,NA,NA,NA,NA,NA,NA,NA,NA,NA,NA,NA,NA,NA,NA,NA,NA,NA,NA,NA,NA,NA
122,1,1,1,1,1,1,NA,NA,NA,NA,NA,NA,1,1,1,1,1,1,1,0,1,1,1,1,1,0,1,1,1,1,1,0,1,1,1,1,NA,NA,NA,NA,NA,NA,NA,NA,NA,NA,NA,NA,NA,NA,NA,NA,NA,NA,NA,NA,NA,NA,NA,NA
125,1,0,1,1,1,1,NA,NA,NA,NA,NA,NA,1,1,1,1,1,1,1,1,1,1,1,1,1,0,1,1,1,1,1,1,1,1,1,1,0,1,1,0,1,0,NA,NA,NA,NA,NA,NA,NA,NA,NA,NA,NA,NA,NA,NA,NA,NA,NA,NA
127,1,1,1,1,1,1,NA,NA,NA,NA,NA,NA,1,1,1,1,1,1,1,1,1,1,1,1,1,1,1,1,1,1,1,1,1,1,1,1,1,1,1,1,1,1,2,1,1,1,1,0,2,1,1,1,1,0,NA,NA,NA,NA,NA,NA
130,1,1,1,1,1,1,NA,NA,NA,NA,NA,NA,1,1,1,1,1,1,0,1,1,1,1,1,1,1,1,1,1,1,1,1,1,1,1,1,1,1,1,1,1,1,2,1,1,1,1,0,NA,NA,NA,NA,NA,NA,NA,NA,NA,NA,NA,NA
131,1,1,1,1,1,1,NA,NA,NA,NA,NA,NA,1,1,1,1,1,1,1,1,1,1,1,1,1,1,1,1,1,1,0,1,1,1,1,1,1,1,1,1,1,1,2,1,1,1,1,0,NA,NA,NA,NA,NA,NA,NA,NA,NA,NA,NA,NA
132,1,1,1,1,1,1,3,1,0,1,1,0,1,1,1,1,1,1,1,1,1,1,1,1,1,1,1,1,1,1,1,1,1,1,1,1,1,1,1,1,1,1,2,1,1,1,1,0,2,1,1,1,1,0,1,1,2,0,2,0
141,1,1,1,1,1,1,NA,NA,NA,NA,NA,NA,1,1,1,1,1,1,1,1,1,1,1,1,1,1,1,1,1,1,1,1,1,1,1,1,NA,NA,NA,NA,NA,NA,NA,NA,NA,NA,NA,NA,NA,NA,NA,NA,NA,NA,NA,NA,NA,NA,NA,NA
147,1,1,1,1,1,1,NA,NA,NA,NA,NA,NA,1,1,1,1,1,1,1,1,1,1,1,1,1,1,1,1,1,1,1,1,1,1,1,1,1,1,1,1,1,1,2,1,1,1,1,0,1,1,0,NA,0,0,NA,NA,NA,NA,NA,NA
149,1,1,1,1,1,1,NA,NA,NA,NA,NA,NA,1,1,1,1,1,1,NA,NA,NA,NA,NA,NA,NA,NA,NA,NA,NA,NA,NA,NA,NA,NA,NA,NA,NA,NA,NA,NA,NA,NA,NA,NA,NA,NA,NA,NA,NA,NA,NA,NA,NA,NA,NA,NA,NA,NA,NA,NA
151,1,1,1,1,1,1,3,1,0,1,1,0,0,1,1,1,1,1,1,1,1,1,1,1,1,1,1,1,1,1,1,1,1,1,1,1,1,1,1,1,1,1,2,1,1,1,1,0,2,1,1,1,1,0,1,0,2,0,2,0
153,1,1,1,1,1,1,NA,NA,NA,NA,NA,NA,1,1,1,1,1,1,1,1,1,1,1,1,1,1,1,1,1,1,1,1,1,1,1,1,1,1,1,1,1,1,NA,NA,NA,NA,NA,NA,NA,NA,NA,NA,NA,NA,NA,NA,NA,NA,NA,NA
157,1,1,1,0,1,0,3,1,0,0,1,0,1,1,1,0,1,1,1,1,1,1,1,1,1,1,0,0,0,1,1,1,1,0,1,0,1,1,1,1,1,1,2,1,1,1,0,0,2,1,1,1,1,0,1,1,0,0,2,0
160,1,1,1,1,0,1,NA,NA,NA,NA,NA,NA,1,1,1,1,1,1,1,1,1,1,1,1,1,1,1,1,1,1,1,1,1,1,1,1,1,1,1,1,1,1,2,1,1,1,1,0,NA,NA,NA,NA,NA,NA,NA,NA,NA,NA,NA,NA
162,1,1,1,1,1,1,NA,NA,NA,NA,NA,NA,1,1,1,1,1,1,1,1,1,1,1,1,1,1,1,1,1,1,1,1,1,1,1,1,1,1,1,1,1,1,1,NA,NA,0,0,0,NA,NA,NA,NA,NA,NA,NA,NA,NA,NA,NA,NA
165,1,1,1,1,1,1,NA,NA,NA,NA,NA,NA,1,1,1,1,1,1,1,1,1,1,1,1,1,1,1,1,1,1,NA,NA,NA,NA,NA,NA,NA,NA,NA,NA,NA,NA,NA,NA,NA,NA,NA,NA,NA,NA,NA,NA,NA,NA,NA,NA,NA,NA,NA,NA
167,1,1,1,1,1,1,NA,NA,NA,NA,NA,NA,1,1,1,1,1,1,1,1,1,1,1,1,1,1,1,1,1,1,0,1,1,1,1,0,NA,NA,NA,NA,NA,NA,NA,NA,NA,NA,NA,NA,NA,NA,NA,NA,NA,NA,NA,NA,NA,NA,NA,NA
173,1,1,1,1,1,1,2,1,0,1,1,0,1,1,1,1,1,1,1,1,1,1,1,1,1,1,1,1,1,1,1,1,1,1,1,1,1,1,1,1,1,1,2,1,1,1,1,0,2,1,1,1,1,0,1,1,2,0,2,0
179,1,1,1,1,1,1,NA,NA,NA,NA,NA,NA,1,1,1,1,1,1,1,1,1,1,1,1,1,1,1,1,1,1,0,1,1,1,1,1,1,1,1,1,1,1,2,1,1,1,1,0,NA,NA,NA,NA,NA,NA,NA,NA,NA,NA,NA,NA
185,1,1,1,1,1,1,NA,NA,NA,NA,NA,NA,1,1,1,1,1,1,1,1,1,1,1,1,1,1,1,1,1,1,1,1,1,1,1,1,NA,NA,NA,NA,NA,NA,NA,NA,NA,NA,NA,NA,NA,NA,NA,NA,NA,NA,NA,NA,NA,NA,NA,NA
190,1,1,1,1,1,1,NA,NA,NA,NA,NA,NA,1,1,1,1,1,1,1,1,1,1,1,1,1,1,1,1,1,1,1,1,1,1,1,1,0,1,1,1,1,1,NA,NA,NA,NA,NA,NA,NA,NA,NA,NA,NA,NA,NA,NA,NA,NA,NA,NA
191,1,1,1,1,1,1,NA,NA,NA,NA,NA,NA,1,1,1,1,1,1,1,1,1,1,1,1,1,1,1,1,1,1,0,1,1,0,0,0,NA,NA,NA,NA,NA,NA,NA,NA,NA,NA,NA,NA,NA,NA,NA,NA,NA,NA,NA,NA,NA,NA,NA,NA
192,1,1,1,1,1,1,3,1,0,1,1,0,1,1,1,1,1,1,1,1,1,1,1,1,1,1,1,1,1,1,1,1,1,1,1,1,1,1,1,1,1,1,2,1,1,1,1,0,2,1,1,1,1,0,1,1,2,0,2,0
197,1,1,1,1,1,1,NA,NA,NA,NA,NA,NA,1,1,1,1,1,1,1,1,1,1,1,1,0,1,1,0,1,0,NA,NA,NA,NA,NA,NA,NA,NA,NA,NA,NA,NA,NA,NA,NA,NA,NA,NA,NA,NA,NA,NA,NA,NA,NA,NA,NA,NA,NA,NA
200,1,1,1,1,1,1,NA,NA,NA,NA,NA,NA,1,1,1,1,1,1,1,1,1,1,1,1,1,0,1,1,1,1,1,1,1,1,1,1,NA,NA,NA,NA,NA,NA,NA,NA,NA,NA,NA,NA,NA,NA,NA,NA,NA,NA,NA,NA,NA,NA,NA,NA
202,1,1,1,1,1,1,NA,NA,NA,NA,NA,NA,1,1,1,1,1,1,1,1,1,1,1,1,NA,NA,NA,NA,NA,NA,NA,NA,NA,NA,NA,NA,NA,NA,NA,NA,NA,NA,NA,NA,NA,NA,NA,NA,NA,NA,NA,NA,NA,NA,NA,NA,NA,NA,NA,NA
207,1,0,1,1,1,1,NA,NA,NA,NA,NA,NA,1,0,1,1,1,1,1,1,1,1,1,1,1,1,0,1,1,1,1,1,1,1,1,1,1,1,1,1,1,1,1,1,1,1,1,0,2,1,1,1,1,0,0,1,1,0,1,0
209,1,1,1,1,1,1,NA,NA,NA,NA,NA,NA,1,1,1,1,1,1,1,1,1,1,1,1,0,1,1,1,1,0,NA,NA,NA,NA,NA,NA,NA,NA,NA,NA,NA,NA,NA,NA,NA,NA,NA,NA,NA,NA,NA,NA,NA,NA,NA,NA,NA,NA,NA,NA
210,1,1,1,1,1,1,NA,NA,NA,NA,NA,NA,1,1,1,1,1,1,1,1,1,1,1,1,NA,NA,NA,NA,NA,NA,NA,NA,NA,NA,NA,NA,NA,NA,NA,NA,NA,NA,NA,NA,NA,NA,NA,NA,NA,NA,NA,NA,NA,NA,NA,NA,NA,NA,NA,NA
211,1,1,1,1,1,1,NA,NA,NA,NA,NA,NA,1,1,1,1,1,1,1,1,1,1,1,1,1,1,1,1,1,1,1,1,1,1,1,1,1,1,1,1,1,1,2,1,1,1,1,0,NA,NA,NA,NA,NA,NA,NA,NA,NA,NA,NA,NA
213,1,1,1,1,1,1,NA,NA,NA,NA,NA,NA,1,1,1,1,1,1,0,1,1,0,0,0,NA,NA,NA,NA,NA,NA,NA,NA,NA,NA,NA,NA,NA,NA,NA,NA,NA,NA,NA,NA,NA,NA,NA,NA,NA,NA,NA,NA,NA,NA,NA,NA,NA,NA,NA,NA
214,1,1,1,1,1,1,3,1,0,1,1,0,1,1,1,1,1,1,1,1,1,1,1,1,1,1,1,1,1,1,1,1,1,1,1,1,1,1,1,1,1,1,2,1,1,1,1,0,2,1,1,1,1,0,1,1,2,0,2,0
223,1,1,1,1,1,1,3,1,0,1,1,0,1,1,1,1,1,1,1,1,1,1,1,1,1,1,1,1,1,1,1,0,1,1,1,1,1,0,1,1,1,1,2,1,1,1,1,0,2,1,1,1,1,0,1,1,2,0,2,0
225,1,0,1,1,1,1,NA,NA,NA,NA,NA,NA,1,1,1,1,1,1,1,1,1,1,1,1,NA,NA,NA,NA,NA,NA,NA,NA,NA,NA,NA,NA,NA,NA,NA,NA,NA,NA,NA,NA,NA,NA,NA,NA,NA,NA,NA,NA,NA,NA,NA,NA,NA,NA,NA,NA
232,1,1,1,1,1,1,NA,NA,NA,NA,NA,NA,1,1,1,1,1,1,1,1,1,1,1,1,1,1,1,1,1,1,1,1,1,1,1,1,1,1,1,1,1,1,2,1,1,1,1,0,NA,NA,NA,NA,NA,NA,NA,NA,NA,NA,NA,NA
233,1,1,1,1,1,1,NA,NA,NA,NA,NA,NA,1,1,1,1,1,1,1,0,1,1,1,1,1,1,1,1,1,1,1,1,1,1,1,1,1,1,1,1,1,1,NA,NA,NA,NA,NA,NA,NA,NA,NA,NA,NA,NA,NA,NA,NA,NA,NA,NA
239,1,1,1,1,1,1,NA,NA,NA,NA,NA,NA,1,0,1,1,1,1,1,1,1,1,1,1,NA,NA,NA,NA,NA,NA,NA,NA,NA,NA,NA,NA,NA,NA,NA,NA,NA,NA,NA,NA,NA,NA,NA,NA,NA,NA,NA,NA,NA,NA,NA,NA,NA,NA,NA,NA
242,1,1,1,1,1,1,NA,NA,NA,NA,NA,NA,1,1,1,1,1,1,1,1,1,1,1,1,1,1,1,1,1,1,1,1,1,1,1,1,1,1,1,1,1,1,2,1,1,1,1,0,2,1,1,1,1,0,1,1,2,0,2,0
243,1,1,1,1,1,1,NA,NA,NA,NA,NA,NA,1,1,1,1,1,1,NA,NA,NA,NA,NA,NA,NA,NA,NA,NA,NA,NA,NA,NA,NA,NA,NA,NA,NA,NA,NA,NA,NA,NA,NA,NA,NA,NA,NA,NA,NA,NA,NA,NA,NA,NA,NA,NA,NA,NA,NA,NA
249,1,1,1,1,1,1,NA,NA,NA,NA,NA,NA,1,1,1,1,1,1,1,1,1,1,1,1,1,1,1,1,1,1,1,1,1,1,1,1,1,1,1,1,1,1,2,1,1,1,1,0,2,1,1,1,1,0,NA,NA,NA,NA,NA,NA
250,1,1,1,1,1,1,NA,NA,NA,NA,NA,NA,1,1,1,1,1,1,1,1,1,1,1,1,1,1,1,1,1,1,1,1,1,1,1,1,0,1,1,1,1,1,NA,NA,NA,NA,NA,NA,NA,NA,NA,NA,NA,NA,NA,NA,NA,NA,NA,NA
252,1,1,1,1,1,1,NA,NA,NA,NA,NA,NA,1,1,1,1,1,1,1,1,1,1,1,1,1,1,1,1,1,1,1,1,1,1,1,1,1,1,1,1,1,1,2,1,1,1,1,0,2,1,1,1,1,0,NA,1,NA,0,0,0
254,1,1,1,1,1,1,NA,NA,NA,NA,NA,NA,1,1,1,1,1,1,1,1,1,1,1,1,1,1,1,1,1,1,1,1,1,1,1,1,NA,NA,NA,NA,NA,NA,NA,NA,NA,NA,NA,NA,NA,NA,NA,NA,NA,NA,NA,NA,NA,NA,NA,NA
258,1,1,1,1,1,1,2,1,0,1,1,0,0,0,1,1,1,1,1,1,1,1,1,1,1,1,1,1,1,1,1,1,1,1,1,1,1,1,1,1,1,1,2,1,1,1,1,0,2,1,1,1,1,0,1,1,2,0,2,0
261,1,1,1,1,1,1,3,1,0,1,1,0,1,1,1,1,1,1,1,1,1,1,1,1,0,1,1,1,1,1,1,1,1,1,1,1,1,1,1,1,1,1,2,1,1,1,1,0,2,1,1,1,1,0,1,1,2,0,2,0
262,1,1,1,1,1,1,NA,NA,NA,NA,NA,NA,1,1,1,1,1,1,1,1,1,1,1,1,1,1,1,1,1,1,1,1,1,1,1,1,NA,NA,NA,NA,NA,NA,NA,NA,NA,NA,NA,NA,NA,NA,NA,NA,NA,NA,NA,NA,NA,NA,NA,NA
265,1,1,1,1,1,1,NA,NA,NA,NA,NA,NA,1,1,1,1,1,1,1,1,1,1,1,1,1,1,1,1,1,1,1,1,1,1,1,1,1,1,1,1,1,1,2,1,1,1,1,0,2,1,1,1,1,0,NA,NA,NA,NA,NA,NA
266,1,1,1,1,1,1,3,1,0,1,1,0,1,1,1,1,1,1,0,1,1,1,1,1,1,0,1,1,1,1,1,1,1,1,1,1,1,1,1,1,1,1,2,1,1,1,1,0,2,1,1,1,1,0,1,1,2,0,2,0
268,1,1,1,1,1,1,NA,NA,NA,NA,NA,NA,1,1,1,1,1,1,1,1,1,1,1,1,1,1,1,1,1,1,1,1,1,1,1,1,1,1,1,1,1,1,1,1,1,1,1,0,2,1,1,1,1,0,NA,NA,NA,NA,NA,NA
271,1,1,1,1,1,1,3,1,0,1,1,0,1,1,1,1,1,1,1,1,1,1,1,1,1,1,1,1,1,1,1,1,1,1,1,1,1,1,1,1,1,1,2,1,1,1,1,0,2,1,1,1,1,0,1,1,2,0,2,0
273,1,0,1,1,1,1,NA,NA,NA,NA,NA,NA,1,1,1,1,1,1,1,1,1,1,1,1,1,1,1,1,1,1,1,1,1,1,1,1,1,1,1,1,1,1,NA,NA,NA,NA,NA,NA,NA,NA,NA,NA,NA,NA,NA,NA,NA,NA,NA,NA
274,1,1,1,1,1,1,NA,NA,NA,NA,NA,NA,1,1,1,1,1,1,1,1,1,1,1,1,1,1,1,1,1,1,1,1,1,1,1,1,1,1,1,1,1,1,2,1,1,1,1,0,2,1,1,1,1,0,1,1,2,0,2,0
276,1,1,1,1,1,1,3,1,0,1,1,0,1,1,1,1,1,1,1,1,1,1,1,1,1,1,1,1,1,1,1,1,1,1,1,1,1,1,1,1,1,1,2,1,1,1,1,0,2,1,1,1,1,0,1,1,2,0,2,0
280,1,1,1,1,1,1,3,1,0,1,1,0,1,1,1,1,1,1,1,1,1,1,1,1,1,0,1,1,1,1,1,1,1,1,1,1,1,1,1,1,1,1,2,1,1,1,1,0,2,1,1,1,1,0,1,0,2,0,2,0
282,1,1,1,1,1,1,NA,NA,NA,NA,NA,NA,1,1,1,1,1,1,1,1,1,1,1,1,NA,NA,NA,NA,NA,NA,NA,NA,NA,NA,NA,NA,NA,NA,NA,NA,NA,NA,NA,NA,NA,NA,NA,NA,NA,NA,NA,NA,NA,NA,NA,NA,NA,NA,NA,NA
283,1,0,1,1,1,0,3,0,0,1,1,0,1,1,1,1,1,1,1,1,1,1,1,1,1,1,1,1,1,1,1,1,1,1,1,1,1,1,1,1,1,1,2,1,1,1,1,0,2,1,0,1,1,0,1,1,2,0,2,0
284,1,1,1,1,1,1,NA,NA,NA,NA,NA,NA,1,1,1,1,1,1,1,1,1,1,1,1,1,1,1,1,1,1,1,1,1,1,1,1,NA,NA,NA,NA,NA,NA,NA,NA,NA,NA,NA,NA,NA,NA,NA,NA,NA,NA,NA,NA,NA,NA,NA,NA
285,1,1,1,1,1,1,NA,NA,NA,NA,NA,NA,1,1,1,1,1,1,1,0,1,1,1,1,1,1,1,1,1,1,1,1,1,1,1,1,1,1,1,1,1,1,2,1,1,1,1,0,2,1,1,1,1,0,NA,NA,NA,NA,NA,NA
291,1,1,1,1,1,1,NA,NA,NA,NA,NA,NA,1,1,1,1,1,1,1,1,1,1,1,1,1,1,1,1,1,1,1,1,1,1,1,1,NA,NA,NA,NA,NA,NA,NA,NA,NA,NA,NA,NA,NA,NA,NA,NA,NA,NA,NA,NA,NA,NA,NA,NA
292,1,1,1,1,1,1,NA,NA,NA,NA,NA,NA,1,1,1,1,1,1,1,1,1,1,1,1,NA,NA,NA,NA,NA,NA,NA,NA,NA,NA,NA,NA,NA,NA,NA,NA,NA,NA,NA,NA,NA,NA,NA,NA,NA,NA,NA,NA,NA,NA,NA,NA,NA,NA,NA,NA
295,1,1,1,1,1,1,NA,NA,NA,NA,NA,NA,1,1,1,1,1,1,1,1,1,1,1,1,1,1,1,1,1,1,1,1,1,1,1,1,1,1,1,1,1,1,2,1,1,1,1,0,NA,NA,NA,NA,NA,NA,NA,NA,NA,NA,NA,NA
296,1,1,1,1,1,1,3,1,0,1,1,0,1,1,1,1,1,1,1,1,1,1,1,1,1,1,1,1,1,1,1,1,1,1,1,1,0,1,1,1,1,1,2,1,1,1,1,0,2,1,1,1,1,0,1,1,2,0,2,0
298,1,1,1,1,1,1,3,1,0,0,0,0,0,1,0,1,1,1,1,0,0,1,0,1,1,0,1,0,0,1,1,0,1,0,1,0,1,1,1,0,1,0,1,1,0,1,0,0,0,0,0,0,0,0,0,1,1,0,0,0
304,1,1,1,1,1,1,3,1,0,1,1,0,1,1,1,1,1,0,1,1,1,1,1,0,1,1,1,1,0,1,1,1,1,1,1,1,1,1,1,1,1,1,2,1,1,1,1,0,2,1,1,1,1,0,1,1,2,0,2,0
306,1,1,1,1,1,1,NA,NA,NA,NA,NA,NA,1,1,1,1,1,1,1,1,1,1,1,1,1,1,1,1,1,1,1,1,1,1,1,1,1,1,1,1,1,1,NA,NA,NA,NA,NA,NA,NA,NA,NA,NA,NA,NA,NA,NA,NA,NA,NA,NA
309,1,1,1,1,1,1,NA,NA,NA,NA,NA,NA,1,1,1,1,1,1,1,1,1,1,1,1,1,1,1,1,1,1,1,1,1,1,1,1,1,1,1,1,1,1,2,1,1,1,1,0,2,1,1,1,1,0,NA,NA,NA,NA,NA,NA
310,1,1,1,1,1,1,NA,NA,NA,NA,NA,NA,1,1,1,1,1,1,1,1,1,1,1,1,1,1,1,1,1,1,0,1,1,1,1,1,NA,NA,NA,NA,NA,NA,NA,NA,NA,NA,NA,NA,NA,NA,NA,NA,NA,NA,NA,NA,NA,NA,NA,NA
312,1,1,1,1,1,1,NA,NA,NA,NA,NA,NA,1,1,1,1,1,1,1,1,1,1,1,1,1,1,1,1,1,1,1,1,1,1,1,1,1,1,1,1,1,1,2,1,1,1,1,0,NA,NA,NA,NA,NA,NA,NA,NA,NA,NA,NA,NA
315,1,1,1,1,1,1,3,1,0,1,1,0,1,1,1,1,1,1,1,1,1,1,1,1,1,0,1,1,1,1,1,1,1,1,1,1,1,1,1,1,1,1,2,1,1,1,1,0,2,1,1,1,1,0,1,1,2,0,2,0
317,1,1,1,1,1,0,NA,NA,NA,NA,NA,NA,1,1,1,1,1,1,1,1,1,1,1,1,1,1,1,1,1,1,1,1,1,1,1,1,1,1,1,1,1,1,2,1,1,1,1,0,2,1,1,1,1,0,NA,1,NA,0,0,0
318,1,1,1,1,1,1,NA,NA,NA,NA,NA,NA,1,1,1,1,1,1,1,1,1,1,1,1,1,1,1,1,1,1,1,1,1,1,1,1,1,1,1,1,1,1,2,1,1,1,1,0,NA,NA,NA,NA,NA,NA,NA,NA,NA,NA,NA,NA
320,0,1,0,0,0,0,NA,NA,NA,NA,NA,NA,1,0,1,1,1,1,1,0,1,1,1,1,NA,NA,NA,NA,NA,NA,NA,NA,NA,NA,NA,NA,NA,NA,NA,NA,NA,NA,NA,NA,NA,NA,NA,NA,NA,NA,NA,NA,NA,NA,NA,NA,NA,NA,NA,NA
323,1,1,1,1,1,1,NA,NA,NA,NA,NA,NA,1,1,1,1,1,1,1,1,1,1,1,1,1,1,1,1,1,1,1,1,1,1,1,1,1,1,1,1,1,1,NA,NA,NA,NA,NA,NA,NA,NA,NA,NA,NA,NA,NA,NA,NA,NA,NA,NA
329,1,1,1,1,1,1,NA,NA,NA,NA,NA,NA,1,1,1,1,1,1,1,1,1,1,1,1,1,1,1,1,1,1,1,1,1,1,1,1,0,1,1,0,0,0,NA,NA,NA,NA,NA,NA,NA,NA,NA,NA,NA,NA,NA,NA,NA,NA,NA,NA
337,1,1,1,1,1,1,NA,NA,NA,NA,NA,NA,0,1,1,1,1,1,1,1,1,1,1,1,1,1,1,1,1,1,1,1,1,1,1,1,1,1,1,1,1,1,2,1,1,1,1,0,1,1,0,1,0,0,NA,NA,NA,NA,NA,NA
341,1,1,1,1,1,1,NA,NA,NA,NA,NA,NA,1,1,1,1,1,1,NA,NA,NA,NA,NA,NA,NA,NA,NA,NA,NA,NA,NA,NA,NA,NA,NA,NA,NA,NA,NA,NA,NA,NA,NA,NA,NA,NA,NA,NA,NA,NA,NA,NA,NA,NA,NA,NA,NA,NA,NA,NA
350,1,1,1,1,1,1,2,1,0,1,1,0,1,1,1,1,1,1,0,1,1,1,1,1,0,0,1,1,1,1,0,1,1,1,1,1,1,0,1,1,1,1,1,1,1,1,1,0,2,1,1,1,1,0,0,0,2,0,2,0
351,1,1,1,1,1,1,3,1,0,1,1,0,1,1,1,1,1,1,1,1,1,1,1,1,1,1,1,1,1,1,1,1,1,1,1,1,0,1,1,1,1,1,2,1,1,1,1,0,1,1,1,1,1,0,1,1,2,0,2,0
352,1,1,1,1,1,1,NA,NA,NA,NA,NA,NA,1,1,1,1,1,1,0,1,1,0,1,0,NA,NA,NA,NA,NA,NA,NA,NA,NA,NA,NA,NA,NA,NA,NA,NA,NA,NA,NA,NA,NA,NA,NA,NA,NA,NA,NA,NA,NA,NA,NA,NA,NA,NA,NA,NA
354,1,1,1,1,1,1,3,1,0,1,1,0,1,1,1,1,1,1,1,1,1,1,1,1,1,1,1,1,1,1,1,1,1,1,1,1,1,0,1,1,1,1,1,1,1,1,1,0,2,1,1,1,1,0,1,1,2,0,2,0
356,1,1,1,1,1,1,3,1,0,1,1,0,1,1,1,1,1,1,1,1,1,1,1,1,1,1,1,1,1,1,1,1,1,1,1,1,1,1,1,1,1,1,2,1,1,1,1,0,2,1,1,1,1,0,1,1,2,0,2,0
2001,1,1,1,1,1,1,NA,NA,NA,NA,NA,NA,1,1,1,1,1,1,1,1,1,1,1,1,1,1,1,1,1,1,NA,NA,NA,NA,NA,NA,NA,NA,NA,NA,NA,NA,NA,NA,NA,NA,NA,NA,NA,NA,NA,NA,NA,NA,NA,NA,NA,NA,NA,NA
2002,1,1,1,1,1,1,2,1,0,1,1,0,1,1,1,1,1,1,1,1,1,1,1,1,1,1,1,1,1,1,1,1,1,1,1,1,1,1,1,1,1,1,2,1,1,1,1,0,2,1,1,1,1,0,1,1,2,0,2,0
