uid,type,value,timestamp,extra
1,session_start,1523133938,1523133938,source:server|ustudy_budget:0|ustudy_mode:1
51,session_start,1523128326,1523128326,source:server|ustudy_budget:0|ustudy_mode:1
51,session_start,1523128330,1523128330,source:server|ustudy_budget:0|ustudy_mode:1
51,session_start,1523128344,1523128344,source:server|ustudy_budget:0|ustudy_mode:1
51,session_start,1523128351,1523128351,source:server|ustudy_budget:0|ustudy_mode:1
51,answer,q2a6,1523129281154,
51,answer,q5a1,1523129324047,
51,practice_answer,q2a6,1523129328,url:/tutorial/rl/id_1
51,practice_answer,q5a1,1523129328,url:/tutorial/rl/id_1
51,jumping,/tutorial/rl/id_1,1523129331,url:/tutorial/rl/id_1
51,final_answer,q2a6,1523129331,url:/tutorial/rl/id_1
51,final_answer,q5a1,1523129331,url:/tutorial/rl/id_1
51,answer,q7a5,1523129361655,
51,answer,q9a4,1523129403955,
51,answer,q9a3,1523129412420,
51,practice_answer,q7a5,1523129423,url:/tutorial/rl/id_3
51,practice_answer,q9a3,1523129423,url:/tutorial/rl/id_3
51,jumping,/tutorial/rl/id_3,1523129438,url:/tutorial/rl/id_3
51,final_answer,q7a5,1523129438,url:/tutorial/rl/id_3
51,final_answer,q9a3,1523129438,url:/tutorial/rl/id_3
51,answer,q12a1,1523129466613,
51,answer,q11a4,1523129513732,
51,answer,q11a3,1523129545483,
51,answer,q11a5,1523129557347,
51,practice_answer,q12a1,1523129561,url:/tutorial/rl/twin
51,practice_answer,q11a5,1523129561,url:/tutorial/rl/twin
51,jumping,/tutorial/rl/twin,1523129566,url:/tutorial/rl/twin
51,final_answer,q12a1,1523129566,url:/tutorial/rl/twin
51,final_answer,q11a5,1523129566,url:/tutorial/rl/twin
51,practice_answer,q16a2,1523129665,url:/tutorial/rl/dup
51,answer,q15a1,1523129575827,
51,answer,q16a4,1523129626145,
51,answer,q16a3,1523129638938,
51,answer,q16a2,1523129663937,
51,practice_answer,q15a1,1523129665,url:/tutorial/rl/dup
51,jumping,/tutorial/rl/dup,1523129671,url:/tutorial/rl/dup
51,final_answer,q15a1,1523129671,url:/tutorial/rl/dup
51,final_answer,q16a2,1523129671,url:/tutorial/rl/dup
51,answer,q18a5,1523129704166,
51,answer,q18a6,1523129708893,
51,answer,q17a2,1523129726358,
51,practice_answer,q17a2,1523129730,url:/tutorial/rl/missing
51,practice_answer,q18a6,1523129730,url:/tutorial/rl/missing
51,jumping,/tutorial/rl/missing,1523129734,url:/tutorial/rl/missing
51,final_answer,q17a2,1523129734,url:/tutorial/rl/missing
51,final_answer,q18a6,1523129734,url:/tutorial/rl/missing
51,answer,q19a5,1523129771010,
51,answer,q20a2,1523129780226,
51,practice_answer,q19a5,1523129784,url:/tutorial/rl/freq
51,practice_answer,q20a2,1523129784,url:/tutorial/rl/freq
51,jumping,/tutorial/rl/freq,1523129785,url:/tutorial/rl/freq
51,final_answer,q19a5,1523129785,url:/tutorial/rl/freq
51,final_answer,q20a2,1523129785,url:/tutorial/rl/freq
51,main_section_start,1523129800,1523129800,url:/record_linkage
51,answer,p130a1,1523129816443,
51,answer,p25a6,1523129853031,
51,answer,p274a2,1523129879599,
51,answer,p203a5,1523129901063,
51,answer,p203a6,1523129916110,
51,answer,p56a6,1523129946294,
51,answer,p203a5,1523129956598,
51,answer,p366a5,1523130021183,
51,next_page,/record_linkage,1523130025,url:/record_linkage
51,final_answer,p130a1,1523130025,url:/record_linkage
51,final_answer,p203a5,1523130025,url:/record_linkage
51,final_answer,p25a6,1523130025,url:/record_linkage
51,final_answer,p274a2,1523130025,url:/record_linkage
51,final_answer,p366a5,1523130025,url:/record_linkage
51,final_answer,p56a6,1523130025,url:/record_linkage
51,answer,p115a1,1523130048,url:/record_linkage
51,answer,p280a5,1523130058,url:/record_linkage
51,answer,p280a6,1523130066,url:/record_linkage
51,answer,p280a5,1523130083,url:/record_linkage
51,answer,p318a1,1523130126,url:/record_linkage
51,answer,p69a6,1523130133,url:/record_linkage
51,answer,p23a6,1523130155,url:/record_linkage
51,answer,p69a5,1523130170,url:/record_linkage
51,answer,p69a2,1523130188,url:/record_linkage
51,answer,p69a3,1523130193,url:/record_linkage
51,answer,p69a2,1523130198,url:/record_linkage
51,answer,p297a3,1523130226,url:/record_linkage
51,answer,p297a4,1523130256,url:/record_linkage
51,next_page,/record_linkage,1523130262,url:/record_linkage
51,final_answer,p115a1,1523130262,url:/record_linkage
51,final_answer,p280a5,1523130262,url:/record_linkage
51,final_answer,p297a4,1523130262,url:/record_linkage
51,final_answer,p318a1,1523130262,url:/record_linkage
51,final_answer,p69a2,1523130262,url:/record_linkage
51,final_answer,p23a6,1523130262,url:/record_linkage
51,answer,p223a2,1523130289,url:/record_linkage
51,answer,p223a4,1523130330,url:/record_linkage
51,answer,p358a4,1523130382,url:/record_linkage
51,answer,p333a5,1523130419,url:/record_linkage
51,answer,p246a1,1523130496,url:/record_linkage
51,answer,p87a5,1523130504,url:/record_linkage
51,answer,p146a2,1523130558,url:/record_linkage
51,answer,p223a2,1523130566,url:/record_linkage
51,answer,p358a3,1523130610,url:/record_linkage
51,next_page,/record_linkage,1523130618,url:/record_linkage
51,final_answer,p223a2,1523130618,url:/record_linkage
51,final_answer,p146a2,1523130618,url:/record_linkage
51,final_answer,p246a1,1523130618,url:/record_linkage
51,final_answer,p333a5,1523130618,url:/record_linkage
51,final_answer,p87a5,1523130618,url:/record_linkage
51,final_answer,p358a3,1523130618,url:/record_linkage
51,answer,p46a6,1523130652,url:/record_linkage
51,answer,p137a5,1523130659,url:/record_linkage
51,answer,p180a1,1523130665,url:/record_linkage
51,answer,p97a5,1523130677,url:/record_linkage
51,answer,p113a4,1523130690,url:/record_linkage
51,answer,p185a1,1523130709,url:/record_linkage
51,next_page,/record_linkage,1523130712,url:/record_linkage
51,final_answer,p185a1,1523130712,url:/record_linkage
51,final_answer,p46a6,1523130712,url:/record_linkage
51,final_answer,p137a5,1523130712,url:/record_linkage
51,final_answer,p180a1,1523130712,url:/record_linkage
51,final_answer,p113a4,1523130712,url:/record_linkage
51,final_answer,p97a5,1523130712,url:/record_linkage
51,answer,p42a6,1523130726,url:/record_linkage
51,answer,p154a3,1523130738,url:/record_linkage
51,answer,p214a2,1523130776,url:/record_linkage
51,answer,p162a1,1523130795,url:/record_linkage
51,answer,p31a5,1523130815,url:/record_linkage
51,answer,p308a1,1523130830,url:/record_linkage
51,next_page,/record_linkage,1523130831,url:/record_linkage
51,final_answer,p42a6,1523130831,url:/record_linkage
51,final_answer,p154a3,1523130831,url:/record_linkage
51,final_answer,p214a2,1523130831,url:/record_linkage
51,final_answer,p162a1,1523130831,url:/record_linkage
51,final_answer,p308a1,1523130831,url:/record_linkage
51,final_answer,p31a5,1523130831,url:/record_linkage
51,answer,p239a2,1523130860,url:/record_linkage
51,answer,p239a4,1523130876,url:/record_linkage
51,answer,p253a2,1523130906,url:/record_linkage
51,answer,p347a1,1523130925,url:/record_linkage
51,answer,p78a4,1523130947,url:/record_linkage
51,answer,p1a6,1523130961,url:/record_linkage
51,answer,p264a5,1523130971,url:/record_linkage
51,jumping,/record_linkage,1523130974,url:/record_linkage
51,final_answer,p239a4,1523130974,url:/record_linkage
51,final_answer,p253a2,1523130974,url:/record_linkage
51,final_answer,p78a4,1523130974,url:/record_linkage
51,final_answer,p347a1,1523130974,url:/record_linkage
51,final_answer,p1a6,1523130974,url:/record_linkage
51,final_answer,p264a5,1523130974,url:/record_linkage
51,performance1,30 out of 36,1523130988,source:server
51,enter main section,2,1523131002,source:server
51,main_section_start,1523131002,1523131002,url:/main_section
51,answer,p30a6,1523131013284,
51,answer,p276a2,1523131029995,
51,answer,p372a5,1523131050118,
51,answer,p66a6,1523131063550,
51,answer,p196a5,1523131111531,
51,answer,p128a2,1523131127595,
51,next_page,/main_section,1523131145,url:/main_section
51,final_answer,p30a6,1523131145,url:/main_section
51,final_answer,p276a2,1523131145,url:/main_section
51,final_answer,p196a5,1523131145,url:/main_section
51,final_answer,p372a5,1523131145,url:/main_section
51,final_answer,p66a6,1523131145,url:/main_section
51,final_answer,p128a2,1523131145,url:/main_section
51,answer,p71a1,1523131162,url:/main_section
51,answer,p290a5,1523131176,url:/main_section
51,answer,p116a1,1523131181,url:/main_section
51,answer,p17a6,1523131195,url:/main_section
51,answer,p323a1,1523131210,url:/main_section
51,answer,p285a6,1523131232,url:/main_section
51,next_page,/main_section,1523131235,url:/main_section
51,final_answer,p285a6,1523131235,url:/main_section
51,final_answer,p17a6,1523131235,url:/main_section
51,final_answer,p323a1,1523131235,url:/main_section
51,final_answer,p116a1,1523131235,url:/main_section
51,final_answer,p290a5,1523131235,url:/main_section
51,final_answer,p71a1,1523131235,url:/main_section
51,answer,p140a3,1523131256,url:/main_section
51,answer,p245a1,1523131278,url:/main_section
51,answer,p350a6,1523131290,url:/main_section
51,answer,p350a5,1523131292,url:/main_section
51,answer,p86a6,1523131300,url:/main_section
51,answer,p218a5,1523131323,url:/main_section
51,answer,p330a4,1523131352,url:/main_section
51,next_page,/main_section,1523131354,url:/main_section
51,final_answer,p140a3,1523131354,url:/main_section
51,final_answer,p245a1,1523131354,url:/main_section
51,final_answer,p350a5,1523131354,url:/main_section
51,final_answer,p330a4,1523131354,url:/main_section
51,final_answer,p86a6,1523131354,url:/main_section
51,final_answer,p218a5,1523131354,url:/main_section
51,answer,p104a5,1523131374,url:/main_section
51,answer,p54a6,1523131380,url:/main_section
51,answer,p134a5,1523131387,url:/main_section
51,answer,p94a5,1523131394,url:/main_section
51,answer,p179a1,1523131420,url:/main_section
51,answer,p189a1,1523131427,url:/main_section
51,next_page,/main_section,1523131428,url:/main_section
51,final_answer,p104a5,1523131428,url:/main_section
51,final_answer,p189a1,1523131428,url:/main_section
51,final_answer,p94a5,1523131428,url:/main_section
51,final_answer,p134a5,1523131428,url:/main_section
51,final_answer,p54a6,1523131428,url:/main_section
51,final_answer,p179a1,1523131428,url:/main_section
51,answer,p155a4,1523131450,url:/main_section
51,answer,p207a1,1523131478,url:/main_section
51,answer,p207a2,1523131479,url:/main_section
51,answer,p36a1,1523131487,url:/main_section
51,answer,p312a1,1523131499,url:/main_section
51,answer,p40a5,1523131515,url:/main_section
51,answer,p161a2,1523131526,url:/main_section
51,next_page,/main_section,1523131527,url:/main_section
51,final_answer,p40a5,1523131527,url:/main_section
51,final_answer,p155a4,1523131527,url:/main_section
51,final_answer,p207a2,1523131527,url:/main_section
51,final_answer,p161a2,1523131527,url:/main_section
51,final_answer,p36a1,1523131527,url:/main_section
51,final_answer,p312a1,1523131527,url:/main_section
51,answer,p3a6,1523131536,url:/main_section
51,answer,p257a5,1523131548,url:/main_section
51,answer,p257a4,1523131554,url:/main_section
51,answer,p339a1,1523131592,url:/main_section
51,answer,p73a3,1523131608,url:/main_section
51,answer,p240a5,1523131638,url:/main_section
51,answer,p263a4,1523131680,url:/main_section
51,answer,p257a3,1523131686,url:/main_section
51,jumping,/main_section,1523131695,url:/main_section
51,final_answer,p3a6,1523131695,url:/main_section
51,final_answer,p240a5,1523131695,url:/main_section
51,final_answer,p339a1,1523131695,url:/main_section
51,final_answer,p73a3,1523131695,url:/main_section
51,final_answer,p257a3,1523131695,url:/main_section
51,final_answer,p263a4,1523131695,url:/main_section
51,performance2,29 out of 36,1523131694,source:server
51,enter main section,3,1523131698,source:server
51,main_section_start,1523131698,1523131698,url:/main_section
51,answer,p371a4,1523131713062,
51,answer,p26a5,1523131721070,
51,answer,p62a6,1523131732534,
51,answer,p266a1,1523131740837,
51,answer,p129a1,1523131751157,
51,answer,p201a5,1523131767621,
51,next_page,/main_section,1523131769,url:/main_section
51,final_answer,p371a4,1523131769,url:/main_section
51,final_answer,p26a5,1523131769,url:/main_section
51,final_answer,p62a6,1523131769,url:/main_section
51,final_answer,p201a5,1523131769,url:/main_section
51,final_answer,p266a1,1523131769,url:/main_section
51,final_answer,p129a1,1523131769,url:/main_section
51,answer,p284a4,1523131785,url:/main_section
51,answer,p284a5,1523131788,url:/main_section
51,answer,p320a1,1523131796,url:/main_section
51,answer,p301a4,1523131803,url:/main_section
51,answer,p301a5,1523131814,url:/main_section
51,answer,p121a1,1523131822,url:/main_section
51,answer,p67a1,1523131833,url:/main_section
51,answer,p67a2,1523131835,url:/main_section
51,answer,p20a5,1523131866,url:/main_section
51,answer,p20a4,1523131869,url:/main_section
51,next_page,/main_section,1523131875,url:/main_section
51,final_answer,p284a5,1523131875,url:/main_section
51,final_answer,p320a1,1523131875,url:/main_section
51,final_answer,p301a5,1523131875,url:/main_section
51,final_answer,p20a4,1523131875,url:/main_section
51,final_answer,p121a1,1523131875,url:/main_section
51,final_answer,p67a2,1523131875,url:/main_section
51,answer,p357a4,1523131882,url:/main_section
51,answer,p228a4,1523131905,url:/main_section
51,answer,p88a5,1523131929,url:/main_section
51,answer,p241a1,1523131933,url:/main_section
51,answer,p149a1,1523131941,url:/main_section
51,answer,p328a5,1523131975,url:/main_section
51,next_page,/main_section,1523131977,url:/main_section
51,final_answer,p357a4,1523131977,url:/main_section
51,final_answer,p228a4,1523131977,url:/main_section
51,final_answer,p88a5,1523131977,url:/main_section
51,final_answer,p241a1,1523131977,url:/main_section
51,final_answer,p328a5,1523131977,url:/main_section
51,final_answer,p149a1,1523131977,url:/main_section
51,answer,p105a3,1523132013,url:/main_section
51,answer,p105a2,1523132018,url:/main_section
51,answer,p191a1,1523132025,url:/main_section
51,answer,p173a1,1523132027,url:/main_section
51,answer,p102a2,1523132048,url:/main_section
51,answer,p53a5,1523132065,url:/main_section
51,answer,p133a5,1523132072,url:/main_section
51,next_page,/main_section,1523132079,url:/main_section
51,final_answer,p191a1,1523132079,url:/main_section
51,final_answer,p173a1,1523132079,url:/main_section
51,final_answer,p105a2,1523132079,url:/main_section
51,final_answer,p102a2,1523132079,url:/main_section
51,final_answer,p53a5,1523132079,url:/main_section
51,final_answer,p133a5,1523132079,url:/main_section
51,answer,p39a5,1523132090,url:/main_section
51,answer,p165a1,1523132099,url:/main_section
51,answer,p33a4,1523132148,url:/main_section
51,answer,p153a2,1523132166,url:/main_section
51,answer,p209a1,1523132178,url:/main_section
51,answer,p310a1,1523132197,url:/main_section
51,next_page,/main_section,1523132205,url:/main_section
51,final_answer,p39a5,1523132205,url:/main_section
51,final_answer,p165a1,1523132205,url:/main_section
51,final_answer,p33a4,1523132205,url:/main_section
51,final_answer,p153a2,1523132205,url:/main_section
51,final_answer,p209a1,1523132205,url:/main_section
51,final_answer,p310a1,1523132205,url:/main_section
51,answer,p81a3,1523132218,url:/main_section
51,answer,p346a2,1523132279,url:/main_section
51,answer,p11a6,1523132283,url:/main_section
51,answer,p258a1,1523132289,url:/main_section
51,answer,p235a4,1523132299,url:/main_section
51,answer,p262a3,1523132439,url:/main_section
51,answer,p262a2,1523132468,url:/main_section
51,answer,p262a3,1523132471,url:/main_section
51,jumping,/main_section,1523132471,url:/main_section
51,final_answer,p81a3,1523132471,url:/main_section
51,final_answer,p262a3,1523132471,url:/main_section
51,final_answer,p235a4,1523132471,url:/main_section
51,final_answer,p258a1,1523132471,url:/main_section
51,final_answer,p11a6,1523132471,url:/main_section
51,final_answer,p346a2,1523132471,url:/main_section
51,performance3,25 out of 36,1523132471,source:server
51,enter main section,4,1523132483,source:server
51,answer,q1a5,1523133240540,
51,answer,q6a4,1523133266634,
51,answer,q4a3,1523133283075,
51,answer,q2a3,1523133299408,
51,jumping,/tutorial/privacy/practice,1523133301,url:/tutorial/privacy/practice
51,final_answer,q1a5,1523133301,url:/tutorial/privacy/practice
51,final_answer,q2a3,1523133301,url:/tutorial/privacy/practice
51,final_answer,q4a3,1523133301,url:/tutorial/privacy/practice
51,final_answer,q6a4,1523133301,url:/tutorial/privacy/practice
51,main_section_start,1523133406,1523133406,url:/tutorial/practice_post
51,answer,q50058a5,1523133429493,
51,answer,q50056a2,1523133453637,
51,answer,q50057a3,1523133476724,
51,answer,q50055a3,1523133492371,
51,jumping,/tutorial/practice_post,1523133494,url:/tutorial/practice_post
51,final_answer,q50055a3,1523133494,url:/tutorial/practice_post
51,final_answer,q50056a2,1523133494,url:/tutorial/practice_post
51,final_answer,q50057a3,1523133494,url:/tutorial/practice_post
51,final_answer,q50058a5,1523133494,url:/tutorial/practice_post
51,session_end,1523133537,1523133537,source:server
51,performance10,0 out of 36,1523133537,source:server
130,session_start,1523126995,1523126995,source:server|ustudy_budget:0|ustudy_mode:1
130,session_start,1523126998,1523126998,source:server|ustudy_budget:0|ustudy_mode:1
130,session_start,1523127016,1523127016,source:server|ustudy_budget:0|ustudy_mode:1
130,session_start,1523127023,1523127023,source:server|ustudy_budget:0|ustudy_mode:1
130,practice_answer,q5a1,1523129358,url:/tutorial/rl/id_1
130,answer,q2a5,1523129334937,
130,answer,q5a1,1523129357103,
130,practice_answer,q2a5,1523129358,url:/tutorial/rl/id_1
130,jumping,/tutorial/rl/id_1,1523129363,url:/tutorial/rl/id_1
130,final_answer,q2a5,1523129363,url:/tutorial/rl/id_1
130,final_answer,q5a1,1523129363,url:/tutorial/rl/id_1
130,answer,q7a5,1523129405003,
130,answer,q7a6,1523129410155,
130,answer,q9a6,1523129422979,
130,practice_answer,q7a6,1523129424,url:/tutorial/rl/id_3
130,practice_answer,q9a6,1523129424,url:/tutorial/rl/id_3
130,jumping,/tutorial/rl/id_3,1523129426,url:/tutorial/rl/id_3
130,final_answer,q7a6,1523129426,url:/tutorial/rl/id_3
130,final_answer,q9a6,1523129426,url:/tutorial/rl/id_3
130,answer,q12a1,1523129452724,
130,answer,q11a6,1523129465373,
130,practice_answer,q12a1,1523129466,url:/tutorial/rl/twin
130,practice_answer,q11a6,1523129466,url:/tutorial/rl/twin
130,jumping,/tutorial/rl/twin,1523129467,url:/tutorial/rl/twin
130,final_answer,q12a1,1523129467,url:/tutorial/rl/twin
130,final_answer,q11a6,1523129467,url:/tutorial/rl/twin
130,answer,q15a1,1523129487341,
130,answer,q16a6,1523129495253,
130,practice_answer,q15a1,1523129497,url:/tutorial/rl/dup
130,practice_answer,q16a6,1523129497,url:/tutorial/rl/dup
130,jumping,/tutorial/rl/dup,1523129498,url:/tutorial/rl/dup
130,final_answer,q15a1,1523129498,url:/tutorial/rl/dup
130,final_answer,q16a6,1523129498,url:/tutorial/rl/dup
130,answer,q17a2,1523129536927,
130,answer,q18a6,1523129548974,
130,practice_answer,q17a2,1523129550,url:/tutorial/rl/missing
130,practice_answer,q18a6,1523129550,url:/tutorial/rl/missing
130,jumping,/tutorial/rl/missing,1523129551,url:/tutorial/rl/missing
130,final_answer,q17a2,1523129551,url:/tutorial/rl/missing
130,final_answer,q18a6,1523129551,url:/tutorial/rl/missing
130,answer,q19a2,1523129579191,
130,answer,q19a5,1523129583455,
130,answer,q20a1,1523129594054,
130,practice_answer,q19a5,1523129595,url:/tutorial/rl/freq
130,practice_answer,q20a1,1523129595,url:/tutorial/rl/freq
130,jumping,/tutorial/rl/freq,1523129597,url:/tutorial/rl/freq
130,final_answer,q19a5,1523129597,url:/tutorial/rl/freq
130,final_answer,q20a1,1523129597,url:/tutorial/rl/freq
130,main_section_start,1523129611,1523129611,url:/record_linkage
130,answer,p127a2,1523129648563,
130,answer,p202a6,1523129678123,
130,answer,p30a6,1523129685658,
130,answer,p269a1,1523129698283,
130,answer,p362a5,1523129711154,
130,answer,p62a6,1523129722322,
130,next_page,/record_linkage,1523129724,url:/record_linkage
130,final_answer,p127a2,1523129724,url:/record_linkage
130,final_answer,p202a6,1523129724,url:/record_linkage
130,final_answer,p30a6,1523129724,url:/record_linkage
130,final_answer,p269a1,1523129724,url:/record_linkage
130,final_answer,p362a5,1523129724,url:/record_linkage
130,final_answer,p62a6,1523129724,url:/record_linkage
130,answer,p117a1,1523129756,url:/record_linkage
130,answer,p287a6,1523129764,url:/record_linkage
130,answer,p293a5,1523129788,url:/record_linkage
130,answer,p316a2,1523129806,url:/record_linkage
130,answer,p70a3,1523129831,url:/record_linkage
130,answer,p16a6,1523129845,url:/record_linkage
130,next_page,/record_linkage,1523129847,url:/record_linkage
130,final_answer,p117a1,1523129847,url:/record_linkage
130,final_answer,p287a6,1523129847,url:/record_linkage
130,final_answer,p293a5,1523129847,url:/record_linkage
130,final_answer,p316a2,1523129847,url:/record_linkage
130,final_answer,p70a3,1523129847,url:/record_linkage
130,final_answer,p16a6,1523129847,url:/record_linkage
130,answer,p219a5,1523129884,url:/record_linkage
130,answer,p143a2,1523129907,url:/record_linkage
130,answer,p241a1,1523129916,url:/record_linkage
130,answer,p335a5,1523129929,url:/record_linkage
130,answer,p90a5,1523129941,url:/record_linkage
130,answer,p360a4,1523129954,url:/record_linkage
130,next_page,/record_linkage,1523129955,url:/record_linkage
130,final_answer,p219a5,1523129955,url:/record_linkage
130,final_answer,p143a2,1523129955,url:/record_linkage
130,final_answer,p241a1,1523129955,url:/record_linkage
130,final_answer,p335a5,1523129955,url:/record_linkage
130,final_answer,p90a5,1523129955,url:/record_linkage
130,final_answer,p360a4,1523129955,url:/record_linkage
130,answer,p192a1,1523129978,url:/record_linkage
130,answer,p50a6,1523129985,url:/record_linkage
130,answer,p133a5,1523129994,url:/record_linkage
130,answer,p174a1,1523130003,url:/record_linkage
130,answer,p111a1,1523130012,url:/record_linkage
130,answer,p97a4,1523130028,url:/record_linkage
130,next_page,/record_linkage,1523130030,url:/record_linkage
130,final_answer,p192a1,1523130030,url:/record_linkage
130,final_answer,p50a6,1523130030,url:/record_linkage
130,final_answer,p133a5,1523130030,url:/record_linkage
130,final_answer,p174a1,1523130030,url:/record_linkage
130,final_answer,p111a1,1523130030,url:/record_linkage
130,final_answer,p97a4,1523130030,url:/record_linkage
130,answer,p39a3,1523130087,url:/record_linkage
130,answer,p156a4,1523130107,url:/record_linkage
130,answer,p206a1,1523130116,url:/record_linkage
130,answer,p163a3,1523130124,url:/record_linkage
130,answer,p313a1,1523130133,url:/record_linkage
130,answer,p31a3,1523130145,url:/record_linkage
130,next_page,/record_linkage,1523130146,url:/record_linkage
130,final_answer,p39a3,1523130146,url:/record_linkage
130,final_answer,p156a4,1523130146,url:/record_linkage
130,final_answer,p206a1,1523130146,url:/record_linkage
130,final_answer,p163a3,1523130146,url:/record_linkage
130,final_answer,p313a1,1523130146,url:/record_linkage
130,final_answer,p31a3,1523130146,url:/record_linkage
130,answer,p233a4,1523130163,url:/record_linkage
130,answer,p259a1,1523130173,url:/record_linkage
130,answer,p73a3,1523130197,url:/record_linkage
130,answer,p338a2,1523130211,url:/record_linkage
130,answer,p7a6,1523130222,url:/record_linkage
130,answer,p263a5,1523130227,url:/record_linkage
130,jumping,/record_linkage,1523130229,url:/record_linkage
130,final_answer,p233a4,1523130229,url:/record_linkage
130,final_answer,p259a1,1523130229,url:/record_linkage
130,final_answer,p73a3,1523130229,url:/record_linkage
130,final_answer,p338a2,1523130229,url:/record_linkage
130,final_answer,p7a6,1523130229,url:/record_linkage
130,final_answer,p263a5,1523130229,url:/record_linkage
130,performance1,33 out of 36,1523130230,source:server
130,enter main section,2,1523130235,source:server
130,main_section_start,1523130236,1523130236,url:/main_section
130,answer,p28a3,1523130260762,
130,answer,p273a3,1523130273337,
130,answer,p195a3,1523130325443,
130,answer,p365a5,1523130334075,
130,answer,p63a4,1523130342180,
130,answer,p129a1,1523130344923,
130,next_page,/main_section,1523130346,url:/main_section
130,final_answer,p28a3,1523130346,url:/main_section
130,final_answer,p273a3,1523130346,url:/main_section
130,final_answer,p195a3,1523130346,url:/main_section
130,final_answer,p365a5,1523130346,url:/main_section
130,final_answer,p63a4,1523130346,url:/main_section
130,final_answer,p129a1,1523130346,url:/main_section
130,answer,p278a6,1523130358,url:/main_section
130,answer,p19a2,1523130369,url:/main_section
130,answer,p318a2,1523130378,url:/main_section
130,answer,p115a1,1523130382,url:/main_section
130,answer,p294a3,1523130396,url:/main_section
130,answer,p71a1,1523130399,url:/main_section
130,next_page,/main_section,1523130400,url:/main_section
130,final_answer,p278a6,1523130400,url:/main_section
130,final_answer,p19a2,1523130400,url:/main_section
130,final_answer,p318a2,1523130400,url:/main_section
130,final_answer,p115a1,1523130400,url:/main_section
130,final_answer,p294a3,1523130400,url:/main_section
130,final_answer,p71a1,1523130400,url:/main_section
130,answer,p145a2,1523130433,url:/main_section
130,answer,p242a1,1523130438,url:/main_section
130,answer,p358a4,1523130452,url:/main_section
130,answer,p337a4,1523130465,url:/main_section
130,answer,p86a6,1523130473,url:/main_section
130,answer,p222a5,1523130481,url:/main_section
130,next_page,/main_section,1523130482,url:/main_section
130,final_answer,p145a2,1523130482,url:/main_section
130,final_answer,p242a1,1523130482,url:/main_section
130,final_answer,p358a4,1523130482,url:/main_section
130,final_answer,p337a4,1523130482,url:/main_section
130,final_answer,p86a6,1523130482,url:/main_section
130,final_answer,p222a5,1523130482,url:/main_section
130,answer,p108a4,1523130529,url:/main_section
130,answer,p183a1,1523130534,url:/main_section
130,answer,p94a3,1523130549,url:/main_section
130,answer,p136a5,1523130559,url:/main_section
130,answer,p49a5,1523130565,url:/main_section
130,answer,p175a1,1523130574,url:/main_section
130,next_page,/main_section,1523130575,url:/main_section
130,final_answer,p108a4,1523130575,url:/main_section
130,final_answer,p183a1,1523130575,url:/main_section
130,final_answer,p94a3,1523130575,url:/main_section
130,final_answer,p136a5,1523130575,url:/main_section
130,final_answer,p49a5,1523130575,url:/main_section
130,final_answer,p175a1,1523130575,url:/main_section
130,answer,p38a5,1523130587,url:/main_section
130,answer,p154a5,1523130599,url:/main_section
130,answer,p214a2,1523130601,url:/main_section
130,answer,p159a2,1523130610,url:/main_section
130,answer,p32a4,1523130627,url:/main_section
130,answer,p307a1,1523130630,url:/main_section
130,next_page,/main_section,1523130632,url:/main_section
130,final_answer,p38a5,1523130632,url:/main_section
130,final_answer,p154a5,1523130632,url:/main_section
130,final_answer,p214a2,1523130632,url:/main_section
130,final_answer,p159a2,1523130632,url:/main_section
130,final_answer,p32a4,1523130632,url:/main_section
130,final_answer,p307a1,1523130632,url:/main_section
130,answer,p3a6,1523130640,url:/main_section
130,answer,p231a5,1523130654,url:/main_section
130,answer,p345a2,1523130662,url:/main_section
130,answer,p75a3,1523130671,url:/main_section
130,answer,p258a1,1523130674,url:/main_section
130,answer,p262a3,1523130684,url:/main_section
130,jumping,/main_section,1523130685,url:/main_section
130,final_answer,p3a6,1523130685,url:/main_section
130,final_answer,p231a5,1523130685,url:/main_section
130,final_answer,p345a2,1523130685,url:/main_section
130,final_answer,p75a3,1523130685,url:/main_section
130,final_answer,p258a1,1523130685,url:/main_section
130,final_answer,p262a3,1523130685,url:/main_section
130,performance2,30 out of 36,1523130684,source:server
130,enter main section,3,1523130689,source:server
130,main_section_start,1523130689,1523130689,url:/main_section
130,answer,p128a3,1523130724562,
130,answer,p270a2,1523130729586,
130,answer,p197a5,1523130743666,
130,answer,p61a6,1523130746842,
130,answer,p29a6,1523130750834,
130,answer,p367a6,1523130753818,
130,next_page,/main_section,1523130755,url:/main_section
130,final_answer,p367a6,1523130755,url:/main_section
130,final_answer,p29a6,1523130755,url:/main_section
130,final_answer,p61a6,1523130755,url:/main_section
130,final_answer,p197a5,1523130755,url:/main_section
130,final_answer,p270a2,1523130755,url:/main_section
130,final_answer,p128a3,1523130755,url:/main_section
130,answer,p285a6,1523130771,url:/main_section
130,answer,p324a1,1523130776,url:/main_section
130,answer,p291a3,1523130786,url:/main_section
130,answer,p23a5,1523130793,url:/main_section
130,answer,p119a1,1523130800,url:/main_section
130,answer,p68a3,1523130811,url:/main_section
130,next_page,/main_section,1523130812,url:/main_section
130,final_answer,p285a6,1523130812,url:/main_section
130,final_answer,p324a1,1523130812,url:/main_section
130,final_answer,p291a3,1523130812,url:/main_section
130,final_answer,p23a5,1523130812,url:/main_section
130,final_answer,p119a1,1523130812,url:/main_section
130,final_answer,p68a3,1523130812,url:/main_section
130,answer,p351a3,1523130824,url:/main_section
130,answer,p228a3,1523130867,url:/main_section
130,answer,p88a5,1523130878,url:/main_section
130,answer,p247a1,1523130881,url:/main_section
130,answer,p328a5,1523130886,url:/main_section
130,answer,p150a2,1523130891,url:/main_section
130,next_page,/main_section,1523130892,url:/main_section
130,final_answer,p351a3,1523130892,url:/main_section
130,final_answer,p228a3,1523130892,url:/main_section
130,final_answer,p88a5,1523130892,url:/main_section
130,final_answer,p247a1,1523130892,url:/main_section
130,final_answer,p328a5,1523130892,url:/main_section
130,final_answer,p150a2,1523130892,url:/main_section
130,answer,p185a1,1523130914,url:/main_section
130,answer,p179a1,1523130919,url:/main_section
130,answer,p109a2,1523130924,url:/main_section
130,answer,p101a5,1523130934,url:/main_section
130,answer,p45a5,1523130940,url:/main_section
130,answer,p138a5,1523130942,url:/main_section
130,next_page,/main_section,1523130943,url:/main_section
130,final_answer,p185a1,1523130943,url:/main_section
130,final_answer,p179a1,1523130943,url:/main_section
130,final_answer,p109a2,1523130943,url:/main_section
130,final_answer,p101a5,1523130943,url:/main_section
130,final_answer,p45a5,1523130943,url:/main_section
130,final_answer,p138a5,1523130943,url:/main_section
130,answer,p40a5,1523130953,url:/main_section
130,answer,p157a3,1523130961,url:/main_section
130,answer,p34a1,1523130971,url:/main_section
130,answer,p151a4,1523130984,url:/main_section
130,answer,p215a2,1523130988,url:/main_section
130,answer,p306a2,1523130993,url:/main_section
130,next_page,/main_section,1523130994,url:/main_section
130,final_answer,p40a5,1523130994,url:/main_section
130,final_answer,p157a3,1523130994,url:/main_section
130,final_answer,p34a1,1523130994,url:/main_section
130,final_answer,p151a4,1523130994,url:/main_section
130,final_answer,p215a2,1523130994,url:/main_section
130,final_answer,p306a2,1523130994,url:/main_section
130,answer,p74a2,1523131002,url:/main_section
130,answer,p261a5,1523131007,url:/main_section
130,answer,p235a5,1523131013,url:/main_section
130,answer,p254a3,1523131015,url:/main_section
130,answer,p347a2,1523131028,url:/main_section
130,jumping,/main_section,1523131030,url:/main_section
130,final_answer,p74a2,1523131030,url:/main_section
130,final_answer,p261a5,1523131030,url:/main_section
130,final_answer,p235a5,1523131030,url:/main_section
130,final_answer,p254a3,1523131030,url:/main_section
130,final_answer,p347a2,1523131030,url:/main_section
130,performance3,27 out of 36,1523131030,source:server
130,enter main section,4,1523131033,source:server
130,main_section_start,1523131033,1523131033,url:/main_section
130,answer,p58a5,1523131090923,
130,answer,p132a3,1523131104026,
130,answer,p366a5,1523131106379,
130,answer,p266a2,1523131111874,
130,answer,p25a4,1523131124426,
130,answer,p198a4,1523131127106,
130,next_page,/main_section,1523131128,url:/main_section
130,final_answer,p58a5,1523131128,url:/main_section
130,final_answer,p132a3,1523131128,url:/main_section
130,final_answer,p366a5,1523131128,url:/main_section
130,final_answer,p266a2,1523131128,url:/main_section
130,final_answer,p25a4,1523131128,url:/main_section
130,final_answer,p198a4,1523131128,url:/main_section
130,answer,p323a2,1523131133,url:/main_section
130,answer,p116a1,1523131143,url:/main_section
130,answer,p286a6,1523131149,url:/main_section
130,answer,p295a2,1523131160,url:/main_section
130,answer,p72a1,1523131162,url:/main_section
130,answer,p14a5,1523131184,url:/main_section
130,next_page,/main_section,1523131184,url:/main_section
130,final_answer,p323a2,1523131184,url:/main_section
130,final_answer,p116a1,1523131184,url:/main_section
130,final_answer,p286a6,1523131184,url:/main_section
130,final_answer,p295a2,1523131184,url:/main_section
130,final_answer,p72a1,1523131184,url:/main_section
130,final_answer,p14a5,1523131184,url:/main_section
130,answer,p140a3,1523131203,url:/main_section
130,answer,p354a3,1523131217,url:/main_section
130,answer,p85a5,1523131222,url:/main_section
130,answer,p227a3,1523131229,url:/main_section
130,answer,p333a5,1523131240,url:/main_section
130,answer,p250a1,1523131243,url:/main_section
130,next_page,/main_section,1523131244,url:/main_section
130,final_answer,p140a3,1523131244,url:/main_section
130,final_answer,p354a3,1523131244,url:/main_section
130,final_answer,p85a5,1523131244,url:/main_section
130,final_answer,p227a3,1523131244,url:/main_section
130,final_answer,p333a5,1523131244,url:/main_section
130,final_answer,p250a1,1523131244,url:/main_section
130,answer,p177a1,1523131250,url:/main_section
130,answer,p91a3,1523131275,url:/main_section
130,answer,p54a5,1523131285,url:/main_section
130,answer,p107a3,1523131309,url:/main_section
130,answer,p181a2,1523131314,url:/main_section
130,answer,p134a5,1523131323,url:/main_section
130,next_page,/main_section,1523131324,url:/main_section
130,final_answer,p177a1,1523131324,url:/main_section
130,final_answer,p91a3,1523131324,url:/main_section
130,final_answer,p54a5,1523131324,url:/main_section
130,final_answer,p107a3,1523131324,url:/main_section
130,final_answer,p181a2,1523131324,url:/main_section
130,final_answer,p134a5,1523131324,url:/main_section
130,answer,p33a3,1523131343,url:/main_section
130,answer,p152a6,1523131356,url:/main_section
130,answer,p209a2,1523131364,url:/main_section
130,answer,p162a2,1523131376,url:/main_section
130,answer,p42a6,1523131381,url:/main_section
130,answer,p311a1,1523131384,url:/main_section
130,next_page,/main_section,1523131385,url:/main_section
130,final_answer,p33a3,1523131385,url:/main_section
130,final_answer,p152a6,1523131385,url:/main_section
130,final_answer,p209a2,1523131385,url:/main_section
130,final_answer,p162a2,1523131385,url:/main_section
130,final_answer,p42a6,1523131385,url:/main_section
130,final_answer,p311a1,1523131385,url:/main_section
130,answer,p342a3,1523131403,url:/main_section
130,answer,p260a1,1523131409,url:/main_section
130,answer,p77a3,1523131422,url:/main_section
130,answer,p11a6,1523131429,url:/main_section
130,answer,p265a5,1523131438,url:/main_section
130,answer,p230a5,1523131445,url:/main_section
130,jumping,/main_section,1523131446,url:/main_section
130,final_answer,p342a3,1523131446,url:/main_section
130,final_answer,p260a1,1523131446,url:/main_section
130,final_answer,p77a3,1523131446,url:/main_section
130,final_answer,p11a6,1523131446,url:/main_section
130,final_answer,p265a5,1523131446,url:/main_section
130,final_answer,p230a5,1523131446,url:/main_section
130,performance4,26 out of 36,1523131445,source:server
130,enter main section,5,1523131449,source:server
130,main_section_start,1523131450,1523131450,url:/main_section
130,answer,p26a5,1523131469473,
130,answer,p56a5,1523131483575,
130,answer,p199a5,1523131487991,
130,answer,p370a5,1523131492311,
130,answer,p274a2,1523131498782,
130,answer,p131a1,1523131502575,
130,next_page,/main_section,1523131505,url:/main_section
130,final_answer,p26a5,1523131505,url:/main_section
130,final_answer,p56a5,1523131505,url:/main_section
130,final_answer,p199a5,1523131505,url:/main_section
130,final_answer,p370a5,1523131505,url:/main_section
130,final_answer,p274a2,1523131505,url:/main_section
130,final_answer,p131a1,1523131505,url:/main_section
130,answer,p292a2,1523131517,url:/main_section
130,answer,p20a3,1523131531,url:/main_section
130,answer,p120a1,1523131535,url:/main_section
130,answer,p279a6,1523131541,url:/main_section
130,answer,p315a1,1523131543,url:/main_section
130,answer,p69a2,1523131565,url:/main_section
130,next_page,/main_section,1523131567,url:/main_section
130,final_answer,p292a2,1523131567,url:/main_section
130,final_answer,p20a3,1523131567,url:/main_section
130,final_answer,p120a1,1523131567,url:/main_section
130,final_answer,p279a6,1523131567,url:/main_section
130,final_answer,p315a1,1523131567,url:/main_section
130,final_answer,p69a2,1523131567,url:/main_section
130,answer,p248a1,1523131575,url:/main_section
130,answer,p225a5,1523131585,url:/main_section
130,answer,p87a6,1523131591,url:/main_section
130,answer,p330a5,1523131598,url:/main_section
130,answer,p144a2,1523131610,url:/main_section
130,answer,p352a4,1523131624,url:/main_section
130,next_page,/main_section,1523131626,url:/main_section
130,final_answer,p248a1,1523131626,url:/main_section
130,final_answer,p352a4,1523131626,url:/main_section
130,final_answer,p144a2,1523131626,url:/main_section
130,final_answer,p225a5,1523131626,url:/main_section
130,final_answer,p87a6,1523131626,url:/main_section
130,final_answer,p330a5,1523131626,url:/main_section
130,answer,p189a2,1523131636,url:/main_section
130,answer,p96a2,1523131649,url:/main_section
130,answer,p176a1,1523131652,url:/main_section
130,answer,p112a3,1523131661,url:/main_section
130,answer,p46a6,1523131677,url:/main_section
130,answer,p135a6,1523131683,url:/main_section
130,next_page,/main_section,1523131684,url:/main_section
130,final_answer,p189a2,1523131684,url:/main_section
130,final_answer,p96a2,1523131684,url:/main_section
130,final_answer,p176a1,1523131684,url:/main_section
130,final_answer,p112a3,1523131684,url:/main_section
130,final_answer,p46a6,1523131684,url:/main_section
130,final_answer,p135a6,1523131684,url:/main_section
130,answer,p155a2,1523131698,url:/main_section
130,answer,p41a6,1523131705,url:/main_section
130,answer,p208a2,1523131713,url:/main_section
130,answer,p305a1,1523131719,url:/main_section
130,answer,p35a1,1523131720,url:/main_section
130,answer,p164a2,1523131727,url:/main_section
130,next_page,/main_section,1523131728,url:/main_section
130,final_answer,p155a2,1523131728,url:/main_section
130,final_answer,p41a6,1523131728,url:/main_section
130,final_answer,p208a2,1523131728,url:/main_section
130,final_answer,p305a1,1523131728,url:/main_section
130,final_answer,p35a1,1523131728,url:/main_section
130,final_answer,p164a2,1523131728,url:/main_section
130,answer,p83a2,1523131743,url:/main_section
130,answer,p232a5,1523131751,url:/main_section
130,answer,p339a2,1523131761,url:/main_section
130,answer,p9a6,1523131769,url:/main_section
130,answer,p256a2,1523131776,url:/main_section
130,answer,p264a2,1523131795,url:/main_section
130,jumping,/main_section,1523131796,url:/main_section
130,final_answer,p256a2,1523131796,url:/main_section
130,final_answer,p83a2,1523131796,url:/main_section
130,final_answer,p232a5,1523131796,url:/main_section
130,final_answer,p339a2,1523131796,url:/main_section
130,final_answer,p264a2,1523131796,url:/main_section
130,final_answer,p9a6,1523131796,url:/main_section
130,performance5,26 out of 36,1523131795,source:server
130,enter main section,6,1523131798,source:server
130,main_section_start,1523131798,1523131798,url:/main_section
130,answer,p267a1,1523131812426,
130,answer,p66a5,1523131822505,
130,answer,p27a5,1523131843721,
130,answer,p204a5,1523131856841,
130,answer,p363a6,1523131862561,
130,answer,p130a2,1523131867832,
130,next_page,/main_section,1523131869,url:/main_section
130,final_answer,p267a1,1523131869,url:/main_section
130,final_answer,p66a5,1523131869,url:/main_section
130,final_answer,p27a5,1523131869,url:/main_section
130,final_answer,p204a5,1523131869,url:/main_section
130,final_answer,p363a6,1523131869,url:/main_section
130,final_answer,p130a2,1523131869,url:/main_section
130,answer,p22a3,1523131899,url:/main_section
130,answer,p122a1,1523131902,url:/main_section
130,answer,p67a3,1523131911,url:/main_section
130,answer,p282a5,1523131915,url:/main_section
130,answer,p290a4,1523131930,url:/main_section
130,answer,p322a2,1523131938,url:/main_section
130,next_page,/main_section,1523131939,url:/main_section
130,final_answer,p22a3,1523131939,url:/main_section
130,final_answer,p122a1,1523131939,url:/main_section
130,final_answer,p67a3,1523131939,url:/main_section
130,final_answer,p282a5,1523131939,url:/main_section
130,final_answer,p290a4,1523131939,url:/main_section
130,final_answer,p322a2,1523131939,url:/main_section
130,answer,p224a5,1523131946,url:/main_section
130,answer,p327a5,1523131953,url:/main_section
130,answer,p139a2,1523131963,url:/main_section
130,answer,p89a5,1523131974,url:/main_section
130,answer,p89a6,1523131977,url:/main_section
130,answer,p359a5,1523131994,url:/main_section
130,answer,p251a1,1523131996,url:/main_section
130,next_page,/main_section,1523131998,url:/main_section
130,final_answer,p224a5,1523131998,url:/main_section
130,final_answer,p327a5,1523131998,url:/main_section
130,final_answer,p139a2,1523131998,url:/main_section
130,final_answer,p89a6,1523131998,url:/main_section
130,final_answer,p359a5,1523131998,url:/main_section
130,final_answer,p251a1,1523131998,url:/main_section
130,answer,p53a6,1523132009,url:/main_section
130,answer,p137a5,1523132029,url:/main_section
130,answer,p92a3,1523132039,url:/main_section
130,answer,p184a1,1523132047,url:/main_section
130,answer,p106a5,1523132063,url:/main_section
130,answer,p172a1,1523132067,url:/main_section
130,next_page,/main_section,1523132070,url:/main_section
130,final_answer,p53a6,1523132070,url:/main_section
130,final_answer,p137a5,1523132070,url:/main_section
130,final_answer,p92a3,1523132070,url:/main_section
130,final_answer,p184a1,1523132070,url:/main_section
130,final_answer,p106a5,1523132070,url:/main_section
130,final_answer,p172a1,1523132070,url:/main_section
130,answer,p160a2,1523132084,url:/main_section
130,answer,p302a1,1523132090,url:/main_section
130,answer,p36a1,1523132093,url:/main_section
130,answer,p37a6,1523132099,url:/main_section
130,answer,p212a2,1523132107,url:/main_section
130,answer,p153a3,1523132117,url:/main_section
130,next_page,/main_section,1523132119,url:/main_section
130,final_answer,p160a2,1523132119,url:/main_section
130,final_answer,p153a3,1523132119,url:/main_section
130,final_answer,p212a2,1523132119,url:/main_section
130,final_answer,p302a1,1523132119,url:/main_section
130,final_answer,p36a1,1523132119,url:/main_section
130,final_answer,p37a6,1523132119,url:/main_section
130,answer,p253a1,1523132126,url:/main_section
130,answer,p340a3,1523132141,url:/main_section
130,answer,p340a2,1523132145,url:/main_section
130,answer,p6a6,1523132150,url:/main_section
130,answer,p240a5,1523132158,url:/main_section
130,answer,p17a2,1523132166,url:/main_section
130,answer,p82a2,1523132176,url:/main_section
130,jumping,/main_section,1523132177,url:/main_section
130,final_answer,p253a1,1523132177,url:/main_section
130,final_answer,p82a2,1523132177,url:/main_section
130,final_answer,p340a2,1523132177,url:/main_section
130,final_answer,p6a6,1523132177,url:/main_section
130,final_answer,p240a5,1523132177,url:/main_section
130,final_answer,p17a2,1523132177,url:/main_section
130,performance6,31 out of 36,1523132177,source:server
130,enter main section,7,1523132180,source:server
130,main_section_start,1523132180,1523132180,url:/main_section
130,answer,p373a6,1523132200830,
130,answer,p277a2,1523132208381,
130,answer,p203a6,1523132211957,
130,answer,p59a6,1523132216108,
130,answer,p297a3,1523132227500,
130,answer,p317a1,1523132231283,
130,next_page,/main_section,1523132232,url:/main_section
130,final_answer,p373a6,1523132232,url:/main_section
130,final_answer,p277a2,1523132232,url:/main_section
130,final_answer,p203a6,1523132232,url:/main_section
130,final_answer,p59a6,1523132232,url:/main_section
130,final_answer,p297a3,1523132232,url:/main_section
130,final_answer,p317a1,1523132232,url:/main_section
130,answer,p126a1,1523132236,url:/main_section
130,answer,p280a6,1523132252,url:/main_section
130,answer,p245a1,1523132258,url:/main_section
130,answer,p361a4,1523132270,url:/main_section
130,answer,p149a2,1523132286,url:/main_section
130,answer,p24a5,1523132297,url:/main_section
130,next_page,/main_section,1523132299,url:/main_section
130,final_answer,p126a1,1523132299,url:/main_section
130,final_answer,p24a5,1523132299,url:/main_section
130,final_answer,p280a6,1523132299,url:/main_section
130,final_answer,p149a2,1523132299,url:/main_section
130,final_answer,p245a1,1523132299,url:/main_section
130,final_answer,p361a4,1523132299,url:/main_section
130,answer,p171a1,1523132308,url:/main_section
130,answer,p98a2,1523132324,url:/main_section
130,answer,p336a6,1523132345,url:/main_section
130,answer,p44a6,1523132352,url:/main_section
130,answer,p114a3,1523132363,url:/main_section
130,answer,p220a4,1523132393,url:/main_section
130,next_page,/main_section,1523132394,url:/main_section
130,final_answer,p336a6,1523132394,url:/main_section
130,final_answer,p220a4,1523132394,url:/main_section
130,final_answer,p98a2,1523132394,url:/main_section
130,final_answer,p171a1,1523132394,url:/main_section
130,final_answer,p114a3,1523132394,url:/main_section
130,final_answer,p44a6,1523132394,url:/main_section
130,answer,p303a1,1523132398,url:/main_section
130,answer,p2a6,1523132401,url:/main_section
130,answer,p255a2,1523132406,url:/main_section
130,answer,p158a2,1523132414,url:/main_section
130,answer,p186a2,1523132439,url:/main_section
130,answer,p210a2,1523132443,url:/main_section
130,next_page,/main_section,1523132446,url:/main_section
130,final_answer,p186a2,1523132446,url:/main_section
130,final_answer,p210a2,1523132446,url:/main_section
130,final_answer,p303a1,1523132446,url:/main_section
130,final_answer,p158a2,1523132446,url:/main_section
130,final_answer,p2a6,1523132446,url:/main_section
130,final_answer,p255a2,1523132446,url:/main_section
130,answer,p78a2,1523132464,url:/main_section
130,answer,p188a2,1523132468,url:/main_section
130,answer,p237a5,1523132474,url:/main_section
130,answer,p237a6,1523132476,url:/main_section
130,answer,p334a6,1523132482,url:/main_section
130,answer,p236a6,1523132491,url:/main_section
130,answer,p344a2,1523132497,url:/main_section
130,next_page,/main_section,1523132498,url:/main_section
130,final_answer,p344a2,1523132498,url:/main_section
130,final_answer,p236a6,1523132498,url:/main_section
130,final_answer,p78a2,1523132498,url:/main_section
130,final_answer,p188a2,1523132498,url:/main_section
130,final_answer,p237a6,1523132498,url:/main_section
130,final_answer,p334a6,1523132498,url:/main_section
130,answer,p329a6,1523132516,url:/main_section
130,answer,p104a5,1523132524,url:/main_section
130,answer,p168a2,1523132530,url:/main_section
130,answer,p95a2,1523132541,url:/main_section
130,answer,p48a5,1523132549,url:/main_section
130,answer,p110a5,1523132558,url:/main_section
130,jumping,/main_section,1523132559,url:/main_section
130,final_answer,p104a5,1523132559,url:/main_section
130,final_answer,p168a2,1523132559,url:/main_section
130,final_answer,p95a2,1523132559,url:/main_section
130,final_answer,p48a5,1523132559,url:/main_section
130,final_answer,p329a6,1523132559,url:/main_section
130,final_answer,p110a5,1523132559,url:/main_section
130,performance7,28 out of 36,1523132559,source:server
130,enter main section,8,1523132578,source:server
130,answer,q6a6,1523133374374,
130,answer,q4a1,1523133378156,
130,answer,q2a3,1523133405469,
130,answer,q1a4,1523133407548,
130,jumping,/tutorial/privacy/practice,1523133409,url:/tutorial/privacy/practice
130,final_answer,q1a4,1523133409,url:/tutorial/privacy/practice
130,final_answer,q2a3,1523133409,url:/tutorial/privacy/practice
130,final_answer,q4a1,1523133409,url:/tutorial/privacy/practice
130,final_answer,q6a6,1523133409,url:/tutorial/privacy/practice
130,main_section_start,1523133492,1523133492,url:/tutorial/practice_post
130,open_cell,50058-1-3,1523133520,url:/tutorial/practice_post
130,kapr,3.0303030303030303,1523133520,id:50058-1-3|new_mode:partial|url:/tutorial/practice_post
130,open_cell,50058-1-3,1523133528,url:/tutorial/practice_post
130,kapr,6.0606060606060606,1523133528,id:50058-1-3|new_mode:full|url:/tutorial/practice_post
130,answer,q50057a1,1523133539539,
130,answer,q50055a5,1523133553259,
130,answer,q50056a2,1523133565067,
130,answer,q50058a6,1523133570842,
130,jumping,/tutorial/practice_post,1523133572,url:/tutorial/practice_post
130,final_answer,q50055a5,1523133572,url:/tutorial/practice_post
130,final_answer,q50056a2,1523133572,url:/tutorial/practice_post
130,final_answer,q50057a1,1523133572,url:/tutorial/practice_post
130,final_answer,q50058a6,1523133572,url:/tutorial/practice_post
130,session_end,1523133606,1523133606,source:server
130,performance10,0 out of 36,1523133606,source:server
